"","protein","Source"
"1","A2m","LSC"
"2","Acads","LSC"
"3","Acan","LSC"
"4","Acot1","LSC"
"5","Acot10","LSC"
"6","Acot8","LSC"
"7","Ada","LSC"
"8","Adam28","LSC"
"9","Adamts18","LSC"
"10","Aldoa","LSC"
"11","Alyref","LSC"
"12","Anxa3","LSC"
"13","Apob","LSC"
"14","Apoe","LSC"
"15","Arf1","LSC"
"16","Arid2","LSC"
"17","Arid3b","LSC"
"18","Bgn","LSC"
"19","Bmper","LSC"
"20","C1qtnf4","LSC"
"21","Cacng8","LSC"
"22","Camta1","LSC"
"23","Casp8ap2","LSC"
"24","Cavin2","LSC"
"25","Ccdc102a","LSC"
"26","Ccdc18","LSC"
"27","Ccdc39","LSC"
"28","Ccdc80","LSC"
"29","Cdc25a","LSC"
"30","Cdc42","LSC"
"31","Cdh3","LSC"
"32","Cdkn2aip","LSC"
"33","Cfdp1","LSC"
"34","Chad","LSC"
"35","Chrac1","LSC"
"36","Cobll1","LSC"
"37","Col11a1","LSC"
"38","Col11a2","LSC"
"39","Col2a1","LSC"
"40","Col2a1","LSC"
"41","Col5a2","LSC"
"42","Col6a1","LSC"
"43","Col6a2","LSC"
"44","Col9a1","LSC"
"45","Cpne3","LSC"
"46","Cpsf7","LSC"
"47","Cracr2a","LSC"
"48","Crppa","LSC"
"49","Cry1","LSC"
"50","Cspg4","LSC"
"51","Ctnna1","LSC"
"52","Cyp1b1","LSC"
"53","Dsg1b","LSC"
"54","Dynll1","LSC"
"55","Efemp1","LSC"
"56","Efemp2","LSC"
"57","Efnb3","LSC"
"58","Eln","LSC"
"59","Emc1","LSC"
"60","Emilin1","LSC"
"61","Entpd6","LSC"
"62","Erbin","LSC"
"63","Ercc6l","LSC"
"64","Evpl","LSC"
"65","Exd1","LSC"
"66","Exo5","LSC"
"67","Fbl","LSC"
"68","Fbln2","LSC"
"69","Fbln5","LSC"
"70","Fbn1","LSC"
"71","Fbn1","LSC"
"72","Fbn2","LSC"
"73","Fbxo16","LSC"
"74","Fip1l1","LSC"
"75","Fn1","LSC"
"76","Fndc3c1","LSC"
"77","Fyn","LSC"
"78","Gcc2","LSC"
"79","Gfap","LSC"
"80","Glg1","LSC"
"81","Gmpr2","LSC"
"82","Gna11","LSC"
"83","Gna12","LSC"
"84","Gnai1","LSC"
"85","Golga1","LSC"
"86","Grik3","LSC"
"87","Gtf2i","LSC"
"88","Gzmk","LSC"
"89","Hap1","LSC"
"90","Hars1","LSC"
"91","Heph","LSC"
"92","Hmg20b","LSC"
"93","Hmgcs1","LSC"
"94","Hnrnph1","LSC"
"95","Hoxd11","LSC"
"96","Hpcal1","LSC"
"97","Hspa1a","LSC"
"98","Hspa1a","LSC"
"99","Hspa1a","LSC"
"100","Hspa5","LSC"
"101","Hspa8","LSC"
"102","Hspg2","LSC"
"103","Ikbip","LSC"
"104","Il16","LSC"
"105","Ipo5","LSC"
"106","Iqgap1","LSC"
"107","Irf2bp1","LSC"
"108","Itih3","LSC"
"109","Itm2b","LSC"
"110","Kbtbd3","LSC"
"111","Khdc4","LSC"
"112","Kras","LSC"
"113","Krt10","LSC"
"114","Krt10","LSC"
"115","Krt13","LSC"
"116","Krt14","LSC"
"117","Krt15","LSC"
"118","Krt16","LSC"
"119","Krt1","LSC"
"120","Krt1","LSC"
"121","Krt1","LSC"
"122","Krt25","LSC"
"123","Krt28","LSC"
"124","Krt2","LSC"
"125","Krt31","LSC"
"126","Krt31","LSC"
"127","Krt31","LSC"
"128","Krt35","LSC"
"129","Krt6a","LSC"
"130","Krt6a","LSC"
"131","Krt6a","LSC"
"132","Krt6b","LSC"
"133","Krt71","LSC"
"134","Krt71","LSC"
"135","Krt73","LSC"
"136","Krt82","LSC"
"137","Krt84","LSC"
"138","Las1l","LSC"
"139","Lmna","LSC"
"140","Loxl1","LSC"
"141","Loxl4","LSC"
"142","Lrrc8e","LSC"
"143","Lsamp","LSC"
"144","Ltbp4","LSC"
"145","Lyar","LSC"
"146","Map3k6","LSC"
"147","Map4k1","LSC"
"148","Mbnl1","LSC"
"149","Med12l","LSC"
"150","Meltf","LSC"
"151","Mfhas1","LSC"
"152","Mmtag2","LSC"
"153","Mpc2","LSC"
"154","Muc4","LSC"
"155","Mxd1","LSC"
"156","Myg1","LSC"
"157","Myh10","LSC"
"158","Myh10","LSC"
"159","Myh11","LSC"
"160","Myh11","LSC"
"161","Myoc","LSC"
"162","Nfix","LSC"
"163","Nid2","LSC"
"164","Nmi","LSC"
"165","Nono","LSC"
"166","Nova1","LSC"
"167","Nrg3","LSC"
"168","Nrk","LSC"
"169","Nxf1","LSC"
"170","Odf2l","LSC"
"171","Otof","LSC"
"172","Padi6","LSC"
"173","Papss2","LSC"
"174","Pcdha7","LSC"
"175","Pcolce2","LSC"
"176","Pdgfra","LSC"
"177","Pdia4","LSC"
"178","Pfas","LSC"
"179","Pfkm","LSC"
"180","Phkb","LSC"
"181","Pnliprp1","LSC"
"182","Pom121","LSC"
"183","Ppargc1b","LSC"
"184","Prkaca","LSC"
"185","Prkcsh","LSC"
"186","Psmc1","LSC"
"187","Pxdn","LSC"
"188","Pzp","LSC"
"189","Rab10","LSC"
"190","Rab10","LSC"
"191","Rab32","LSC"
"192","Rab3a","LSC"
"193","Rab8b","LSC"
"194","Ralyl","LSC"
"195","Rap1a","LSC"
"196","Rbmx","LSC"
"197","Relb","LSC"
"198","Rhoa","LSC"
"199","Ripor2","LSC"
"200","Rpl17","LSC"
"201","Rpl37","LSC"
"202","Rps26","LSC"
"203","Rps6ka5","LSC"
"204","Rrbp1","LSC"
"205","Rspo3","LSC"
"206","Rsrc1","LSC"
"207","Sart1","LSC"
"208","Scin","LSC"
"209","Sdk2","LSC"
"210","Sema3c","LSC"
"211","Serpinb1a","LSC"
"212","Setdb2","LSC"
"213","Sf3a1","LSC"
"214","Slc30a6","LSC"
"215","Slc4a10","LSC"
"216","Slc6a11","LSC"
"217","Slc7a10","LSC"
"218","Smarcd3","LSC"
"219","Sphkap","LSC"
"220","Srpx","LSC"
"221","Srsf4","LSC"
"222","Srsf4","LSC"
"223","Sspo","LSC"
"224","Stk24","LSC"
"225","Supt16h","LSC"
"226","Sytl4","LSC"
"227","Szt2","LSC"
"228","Taf9","LSC"
"229","Thrap3","LSC"
"230","Tmem132a","LSC"
"231","Tmem223","LSC"
"232","Tmod1","LSC"
"233","Tns2","LSC"
"234","Tp53bp1","LSC"
"235","Trnau1ap","LSC"
"236","Tspyl5","LSC"
"237","Tubb2a","LSC"
"238","Tubb2a","LSC"
"239","Tubb2a","LSC"
"240","Tubb2a","LSC"
"241","Ubr7","LSC"
"242","Usp45","LSC"
"243","Xirp2","LSC"
"244","Ywhab","LSC"
"245","Zc3h4","LSC"
"246","Znf521","LSC"
"247","Znf638","LSC"
"248","Abca8a","DRG"
"249","Abcb11","DRG"
"250","Abcb1a","DRG"
"251","Abcc10","DRG"
"252","Abcd1","DRG"
"253","Acaa2","DRG"
"254","Acrbp","DRG"
"255","Actn1","DRG"
"256","Adam17","DRG"
"257","Adamts19","DRG"
"258","Adamts20","DRG"
"259","Afap1","DRG"
"260","Afap1l2","DRG"
"261","Aff3","DRG"
"262","Aif1l","DRG"
"263","Als2","DRG"
"264","Alyref","DRG"
"265","Apex1","DRG"
"266","Arf1","DRG"
"267","Arhgap20","DRG"
"268","Arhgap42","DRG"
"269","Arhgef10","DRG"
"270","Arvcf","DRG"
"271","Aspa","DRG"
"272","Atp11a","DRG"
"273","Atp5po","DRG"
"274","Bgn","DRG"
"275","Birc3","DRG"
"276","Camk2d","DRG"
"277","Caskin1","DRG"
"278","Caskin2","DRG"
"279","Ccdc88c","DRG"
"280","Cdc25a","DRG"
"281","Cemip2","DRG"
"282","Cep250","DRG"
"283","Cfap251","DRG"
"284","Cfap53","DRG"
"285","Chpf","DRG"
"286","Ckmt1","DRG"
"287","Clns1a","DRG"
"288","Clpp","DRG"
"289","Cnn2","DRG"
"290","Cnn2","DRG"
"291","Col12a1","DRG"
"292","Col14a1","DRG"
"293","Col16a1","DRG"
"294","Col2a1","DRG"
"295","Cpeb2","DRG"
"296","Crebrf","DRG"
"297","Csad","DRG"
"298","Csf3r","DRG"
"299","Cspg4","DRG"
"300","Cth","DRG"
"301","Ctnna1","DRG"
"302","Ctnna3","DRG"
"303","Ctnnal1","DRG"
"304","Cxadr","DRG"
"305","Ddost","DRG"
"306","Dennd2a","DRG"
"307","Dennd4b","DRG"
"308","Des","DRG"
"309","Des","DRG"
"310","Des","DRG"
"311","Des","DRG"
"312","Dmd","DRG"
"313","Dock6","DRG"
"314","Drp2","DRG"
"315","Dsc1","DRG"
"316","Dsg1b","DRG"
"317","Dvl1","DRG"
"318","Dvl2","DRG"
"319","Dvl2","DRG"
"320","Dync2h1","DRG"
"321","Efnb3","DRG"
"322","Egfr","DRG"
"323","Ehd1","DRG"
"324","Ehd2","DRG"
"325","Eid1","DRG"
"326","Eif3j1","DRG"
"327","Emilin3","DRG"
"328","Ephx2","DRG"
"329","Erbb2","DRG"
"330","Ercc6l","DRG"
"331","Erp29","DRG"
"332","Ezr","DRG"
"333","F2","DRG"
"334","Fat2","DRG"
"335","Fhip1a","DRG"
"336","Fhod1","DRG"
"337","Flna","DRG"
"338","Flna","DRG"
"339","Flnb","DRG"
"340","Flnc","DRG"
"341","Fmn2","DRG"
"342","Frmd6","DRG"
"343","Gfod2","DRG"
"344","Gga1","DRG"
"345","Git2","DRG"
"346","Gnb1","DRG"
"347","Gpd1","DRG"
"348","Gria1","DRG"
"349","Gsdmd","DRG"
"350","Gtpbp4","DRG"
"351","Gulp1","DRG"
"352","Gzmg","DRG"
"353","H1-2","DRG"
"354","H1-2","DRG"
"355","H1-4","DRG"
"356","H2bc14","DRG"
"357","H2bc14","DRG"
"358","H2bu1","DRG"
"359","Hcls1","DRG"
"360","Hepacam","DRG"
"361","Hes1","DRG"
"362","Hmgn2","DRG"
"363","Hrh1","DRG"
"364","Hspa1a","DRG"
"365","Hspa5","DRG"
"366","Hspa8","DRG"
"367","Ido1","DRG"
"368","Igsf11","DRG"
"369","Insrr","DRG"
"370","Iqgap2","DRG"
"371","Irs1","DRG"
"372","Isg15","DRG"
"373","Itih3","DRG"
"374","Itln1","DRG"
"375","Itprid2","DRG"
"376","Jakmip1","DRG"
"377","Jakmip3","DRG"
"378","Kank2","DRG"
"379","Katnal2","DRG"
"380","Kif14","DRG"
"381","Kif15","DRG"
"382","Kif17","DRG"
"383","Klhdc4","DRG"
"384","Kmt2c","DRG"
"385","Kmt2e","DRG"
"386","Krt10","DRG"
"387","Krt10","DRG"
"388","Krt13","DRG"
"389","Krt13","DRG"
"390","Krt14","DRG"
"391","Krt14","DRG"
"392","Krt14","DRG"
"393","Krt14","DRG"
"394","Krt14","DRG"
"395","Krt14","DRG"
"396","Krt14","DRG"
"397","Krt17","DRG"
"398","Krt17","DRG"
"399","Krt1","DRG"
"400","Krt1","DRG"
"401","Krt1","DRG"
"402","Krt1","DRG"
"403","Krt1","DRG"
"404","Krt23","DRG"
"405","Krt2","DRG"
"406","Krt2","DRG"
"407","Krt35","DRG"
"408","Krt4","DRG"
"409","Krt4","DRG"
"410","Krt4","DRG"
"411","Krt5","DRG"
"412","Krt5","DRG"
"413","Krt6a","DRG"
"414","Krt6a","DRG"
"415","Krt73","DRG"
"416","Krt75","DRG"
"417","Krt85","DRG"
"418","Lamb1","DRG"
"419","Lkaaear1","DRG"
"420","Loxl1","DRG"
"421","Lrp1","DRG"
"422","Ltbp4","DRG"
"423","Magoh","DRG"
"424","Map4k1","DRG"
"425","Mapk11","DRG"
"426","Mcpt4","DRG"
"427","Mdk","DRG"
"428","Mrc2","DRG"
"429","Mrrf","DRG"
"430","Mta1","DRG"
"431","Mtmr10","DRG"
"432","Mug1","DRG"
"433","Mxra8","DRG"
"434","Mylk","DRG"
"435","Nedd1","DRG"
"436","Nefh","DRG"
"437","Nefl","DRG"
"438","Nfatc1","DRG"
"439","Nfia","DRG"
"440","Nfix","DRG"
"441","Nhsl1","DRG"
"442","Nrg3","DRG"
"443","Pdlim3","DRG"
"444","Pgd","DRG"
"445","Phc1","DRG"
"446","Phf20l1","DRG"
"447","Pias1","DRG"
"448","Pik3ap1","DRG"
"449","Pkp1","DRG"
"450","Pkp4","DRG"
"451","Pla2g4a","DRG"
"452","Plce1","DRG"
"453","Plcl1","DRG"
"454","Pld2","DRG"
"455","Plekha4","DRG"
"456","Plekha7","DRG"
"457","Plin4","DRG"
"458","Plscr4","DRG"
"459","Ppp1ca","DRG"
"460","Prdx4","DRG"
"461","Prkar1b","DRG"
"462","Psat1","DRG"
"463","Rab11a","DRG"
"464","Rab33b","DRG"
"465","Rab34","DRG"
"466","Rab5a","DRG"
"467","Rab6a","DRG"
"468","Rad21","DRG"
"469","Rala","DRG"
"470","Rasa2","DRG"
"471","Rasa3","DRG"
"472","Rcn1","DRG"
"473","Rin3","DRG"
"474","Rpl37","DRG"
"475","Rps15a","DRG"
"476","Rps19","DRG"
"477","Rps27","DRG"
"478","Rps27a","DRG"
"479","Sav1","DRG"
"480","Septin4","DRG"
"481","Serpina1a","DRG"
"482","Serpinb5","DRG"
"483","Serpinf1","DRG"
"484","Sh3pxd2a","DRG"
"485","Shc4","DRG"
"486","Shroom2","DRG"
"487","Slc12a4","DRG"
"488","Slc12a7","DRG"
"489","Slc16a3","DRG"
"490","Slc27a1","DRG"
"491","Slc6a11","DRG"
"492","Slc7a2","DRG"
"493","Smc5","DRG"
"494","Smpd2","DRG"
"495","Snrpb","DRG"
"496","Snta1","DRG"
"497","Sntb1","DRG"
"498","Sntb2","DRG"
"499","Sorbs3","DRG"
"500","Sp2","DRG"
"501","Spred1","DRG"
"502","Sprr1b","DRG"
"503","Sprr2b","DRG"
"504","Stab1","DRG"
"505","Stoml3","DRG"
"506","Ston1","DRG"
"507","Ston2","DRG"
"508","Strepta","DRG"
"509","Stxbp3","DRG"
"510","Synpo2","DRG"
"511","Taok3","DRG"
"512","Tas2r135","DRG"
"513","Tax1bp3","DRG"
"514","Tdrd9","DRG"
"515","Tf","DRG"
"516","Tgm1","DRG"
"517","Thtpa","DRG"
"518","Tk2","DRG"
"519","Tns2","DRG"
"520","Tns2","DRG"
"521","Trdn","DRG"
"522","Trim32","DRG"
"523","Tubb3","DRG"
"524","Tubb3","DRG"
"525","Tubb3","DRG"
"526","Tubb4b","DRG"
"527","TurboID","DRG"
"528","Uaca","DRG"
"529","Vamp5","DRG"
"530","Wdr26","DRG"
"531","Wwc1","DRG"
"532","Zbp1","DRG"
"533","Zeb2","DRG"
"534","Zfp13","DRG"
"535","Znf536","DRG"
"536","Acaa1a","paw"
"537","Acot1","paw"
"538","Acss1","paw"
"539","Actn1","paw"
"540","Actr5","paw"
"541","Alyref","paw"
"542","Ankrd17","paw"
"543","Anp32e","paw"
"544","Anxa4","paw"
"545","Apob","paw"
"546","Arl6ip4","paw"
"547","Atp2a1","paw"
"548","Atp2a1","paw"
"549","Atp2a1","paw"
"550","Atrx","paw"
"551","Aurkaip1","paw"
"552","Ca3","paw"
"553","Capza1","paw"
"554","Cct3","paw"
"555","Cdh2","paw"
"556","Cdk11b","paw"
"557","Col1a1","paw"
"558","Creb3l1","paw"
"559","Cth","paw"
"560","Ddx3x","paw"
"561","Dhrs1","paw"
"562","Dnajc25","paw"
"563","Drc1","paw"
"564","Dus1l","paw"
"565","Eci1","paw"
"566","Eif3h","paw"
"567","Ercc6l","paw"
"568","Fbll1","paw"
"569","Fkbp3","paw"
"570","Fmr1","paw"
"571","Ganab","paw"
"572","Gatad2a","paw"
"573","Gdf7","paw"
"574","Gnai1","paw"
"575","Gnb1","paw"
"576","Gpatch4","paw"
"577","Grik3","paw"
"578","H1-4","paw"
"579","H3c1","paw"
"580","Hadh","paw"
"581","Hnrnph1","paw"
"582","Hook3","paw"
"583","Htatsf1","paw"
"584","Itpr2","paw"
"585","Junb","paw"
"586","Kctd12","paw"
"587","Kif1a","paw"
"588","Krt10","paw"
"589","Krt13","paw"
"590","Krt14","paw"
"591","Krt15","paw"
"592","Krt17","paw"
"593","Krt1","paw"
"594","Krt1","paw"
"595","Krt1","paw"
"596","Krt2","paw"
"597","Krt32","paw"
"598","Krt32","paw"
"599","Krt34","paw"
"600","Krt34","paw"
"601","Krt34","paw"
"602","Krt4","paw"
"603","Krt5","paw"
"604","Krt5","paw"
"605","Krt6a","paw"
"606","Krt6a","paw"
"607","Krt6a","paw"
"608","Krt73","paw"
"609","Krt8","paw"
"610","Lama1","paw"
"611","Lama5","paw"
"612","Lifr","paw"
"613","Llph","paw"
"614","Lrch2","paw"
"615","Lrrc15","paw"
"616","Lrrfip1","paw"
"617","Magoh","paw"
"618","Map2","paw"
"619","Mavs","paw"
"620","Mbd2","paw"
"621","Me1","paw"
"622","Metap2","paw"
"623","Mlh1","paw"
"624","Mthfd1","paw"
"625","Mup1","paw"
"626","Myh1","paw"
"627","Myh6","paw"
"628","Myl12b","paw"
"629","Myo15a","paw"
"630","Nat10","paw"
"631","Nedd8","paw"
"632","Nefh","paw"
"633","Nefh","paw"
"634","Nme2","paw"
"635","Nop2","paw"
"636","Nup50","paw"
"637","Nup85","paw"
"638","Orc5","paw"
"639","Otud4","paw"
"640","Pcyt1a","paw"
"641","Phlpp2","paw"
"642","Pigr","paw"
"643","Pold3","paw"
"644","Polr1d","paw"
"645","Ppib","paw"
"646","Ppig","paw"
"647","Prep","paw"
"648","Ptbp1","paw"
"649","Ptms","paw"
"650","Rab10","paw"
"651","Rab11a","paw"
"652","Rab35","paw"
"653","Rab5a","paw"
"654","Rab6a","paw"
"655","Rabl3","paw"
"656","Rap1a","paw"
"657","Rbm3","paw"
"658","Rev1","paw"
"659","Rpl17","paw"
"660","Rpl37","paw"
"661","Rpl37a","paw"
"662","Rps21","paw"
"663","Rps6ka1","paw"
"664","Rps7","paw"
"665","Rptn","paw"
"666","S100a3","paw"
"667","Sbno1","paw"
"668","Sdc4","paw"
"669","Sec16a","paw"
"670","Sephs1","paw"
"671","Septin11","paw"
"672","Serpina1a","paw"
"673","Sfn","paw"
"674","Sfswap","paw"
"675","Sh3bgrl3","paw"
"676","Sh3gl3","paw"
"677","Slc35e2a","paw"
"678","Smap","paw"
"679","Sprr4","paw"
"680","Sptb","paw"
"681","Srsf5","paw"
"682","Steep1","paw"
"683","Stoml3","paw"
"684","Stxbp3","paw"
"685","Surf6","paw"
"686","Sypl1","paw"
"687","Tmod3","paw"
"688","Tra2a","paw"
"689","Tuba4a","paw"
"690","Tuba8","paw"
"691","Tubb4b","paw"
"692","Tubb4b","paw"
"693","Tuft1","paw"
"694","Ube2g1","paw"
"695","Ube2m","paw"
"696","Ubtf","paw"
"697","Usp45","paw"
"698","Utp14a","paw"
"699","Uvssa","paw"
"700","Vps16","paw"
"701","Wdr70","paw"
"702","Xrn1","paw"
"703","Ythdf1","paw"
"704","Ywhab","paw"
"705","Zc3hav1","paw"
"706","Zfp91","paw"
"707","Abcb1a","SCN"
"708","Acad9","SCN"
"709","Acox1","SCN"
"710","Actr3","SCN"
"711","Ak2","SCN"
"712","Akr1c6","SCN"
"713","Alad","SCN"
"714","Aldh2","SCN"
"715","Aldh3a2","SCN"
"716","Aldoc","SCN"
"717","Alg6","SCN"
"718","Alpk2","SCN"
"719","Ankrd9","SCN"
"720","Anxa3","SCN"
"721","Anxa4","SCN"
"722","Anxa7","SCN"
"723","Anxa8","SCN"
"724","Ap3b1","SCN"
"725","Apmap","SCN"
"726","Aprt","SCN"
"727","Arf1","SCN"
"728","Arf6","SCN"
"729","Arg1","SCN"
"730","Arhgef10l","SCN"
"731","Arl8b","SCN"
"732","Arpc1a","SCN"
"733","Atp5f1d","SCN"
"734","Atp6v0d1","SCN"
"735","B3gntl1","SCN"
"736","Bdh2","SCN"
"737","Bicd2","SCN"
"738","Brwd1","SCN"
"739","Calml3","SCN"
"740","Calr","SCN"
"741","Capn1","SCN"
"742","Capn7","SCN"
"743","Caprin1","SCN"
"744","Casp14","SCN"
"745","Cbx3","SCN"
"746","Cct4","SCN"
"747","Cct7","SCN"
"748","Cep350","SCN"
"749","Chd7","SCN"
"750","Ckap4","SCN"
"751","Ckmt1","SCN"
"752","Clic3","SCN"
"753","Cmas","SCN"
"754","Cmya5","SCN"
"755","Cnn2","SCN"
"756","Cobll1","SCN"
"757","Copa","SCN"
"758","Copb1","SCN"
"759","Cpsf7","SCN"
"760","Cse1l","SCN"
"761","Ctnna1","SCN"
"762","Ctnna3","SCN"
"763","Ctnnb1","SCN"
"764","Ctnnb1","SCN"
"765","Cyfip1","SCN"
"766","Cyp11a1","SCN"
"767","Ddb1","SCN"
"768","Ddost","SCN"
"769","Ddx17","SCN"
"770","Ddx17","SCN"
"771","Ddx21","SCN"
"772","Ddx39b","SCN"
"773","Ddx3x","SCN"
"774","Ddx46","SCN"
"775","Dhx15","SCN"
"776","Dhx36","SCN"
"777","Dhx9","SCN"
"778","Dlat","SCN"
"779","Dmbt1","SCN"
"780","Dnajb2","SCN"
"781","Dnajc11","SCN"
"782","Dnm2","SCN"
"783","Dpy30","SCN"
"784","Drap1","SCN"
"785","Dsc1","SCN"
"786","Dsg1b","SCN"
"787","Eef2","SCN"
"788","Eftud2","SCN"
"789","Eif2s1","SCN"
"790","Eif2s3x","SCN"
"791","Eif3e","SCN"
"792","Eif3i","SCN"
"793","Eif3l","SCN"
"794","Eif4a1","SCN"
"795","Eif4a3","SCN"
"796","Elavl1","SCN"
"797","Emilin3","SCN"
"798","Eppk1","SCN"
"799","Erbb2","SCN"
"800","Ercc6l","SCN"
"801","Erp29","SCN"
"802","Etfb","SCN"
"803","Evpl","SCN"
"804","Ezr","SCN"
"805","Ezr","SCN"
"806","Fbl","SCN"
"807","Fen1","SCN"
"808","Fh","SCN"
"809","Fip1l1","SCN"
"810","Fkbp2","SCN"
"811","Flna","SCN"
"812","Fscn1","SCN"
"813","Fubp1","SCN"
"814","Gabarapl2","SCN"
"815","Galnt14","SCN"
"816","Gan","SCN"
"817","Gar1","SCN"
"818","Gcfc2","SCN"
"819","Gltp","SCN"
"820","Gnb2","SCN"
"821","Grm3","SCN"
"822","Gsdma","SCN"
"823","Gss","SCN"
"824","Gstp1","SCN"
"825","Gucy2e","SCN"
"826","H3c1","SCN"
"827","Hadha","SCN"
"828","Hand1","SCN"
"829","Hbb-b1","SCN"
"830","Hk2","SCN"
"831","Hmgb1","SCN"
"832","Hmgcs1","SCN"
"833","Hnrnpdl","SCN"
"834","Hnrnph1","SCN"
"835","Hpgd","SCN"
"836","Hsd17b4","SCN"
"837","Hspa1l","SCN"
"838","Hspa1l","SCN"
"839","Hspa1l","SCN"
"840","Hspa9","SCN"
"841","Iars1","SCN"
"842","Idh2","SCN"
"843","Idh3a","SCN"
"844","Igdcc3","SCN"
"845","Ilf2","SCN"
"846","Ilf3","SCN"
"847","Imp4","SCN"
"848","Impa2","SCN"
"849","Impdh2","SCN"
"850","Insrr","SCN"
"851","Ints10","SCN"
"852","Iqgap1","SCN"
"853","Itih4","SCN"
"854","Itm2b","SCN"
"855","Itpa","SCN"
"856","Jakmip3","SCN"
"857","Kcna1","SCN"
"858","Khsrp","SCN"
"859","Kif1a","SCN"
"860","Kif20b","SCN"
"861","Kpnb1","SCN"
"862","Krt10","SCN"
"863","Krt10","SCN"
"864","Krt10","SCN"
"865","Krt12","SCN"
"866","Krt13","SCN"
"867","Krt13","SCN"
"868","Krt13","SCN"
"869","Krt14","SCN"
"870","Krt14","SCN"
"871","Krt14","SCN"
"872","Krt14","SCN"
"873","Krt14","SCN"
"874","Krt14","SCN"
"875","Krt14","SCN"
"876","Krt16","SCN"
"877","Krt17","SCN"
"878","Krt18","SCN"
"879","Krt19","SCN"
"880","Krt1","SCN"
"881","Krt1","SCN"
"882","Krt1","SCN"
"883","Krt1","SCN"
"884","Krt23","SCN"
"885","Krt26","SCN"
"886","Krt28","SCN"
"887","Krt2","SCN"
"888","Krt31","SCN"
"889","Krt31","SCN"
"890","Krt31","SCN"
"891","Krt35","SCN"
"892","Krt4","SCN"
"893","Krt4","SCN"
"894","Krt5","SCN"
"895","Krt6a","SCN"
"896","Krt7","SCN"
"897","Krt77","SCN"
"898","Krt7","SCN"
"899","Krt7","SCN"
"900","Krt80","SCN"
"901","Krt81","SCN"
"902","Krt81","SCN"
"903","Krt81","SCN"
"904","Krt82","SCN"
"905","Krt85","SCN"
"906","Lancl1","SCN"
"907","Lars1","SCN"
"908","Lbr","SCN"
"909","Lima1","SCN"
"910","Limd1","SCN"
"911","Lin9","SCN"
"912","Lman2","SCN"
"913","Lmna","SCN"
"914","Lmnb1","SCN"
"915","Lrpprc","SCN"
"916","Lsm3","SCN"
"917","Lta4h","SCN"
"918","Luc7l2","SCN"
"919","Mab21l4","SCN"
"920","Macf1","SCN"
"921","Man1a1","SCN"
"922","Mapk10","SCN"
"923","Mat2a","SCN"
"924","Me1","SCN"
"925","Mmab","SCN"
"926","Mmp12","SCN"
"927","Mpg","SCN"
"928","Mtdh","SCN"
"929","Mthfd1","SCN"
"930","Mug2","SCN"
"931","Mup20","SCN"
"932","Myo5b","SCN"
"933","Nbea","SCN"
"934","Nccrp1","SCN"
"935","Ndrg2","SCN"
"936","Ndufa5","SCN"
"937","Ndufs1","SCN"
"938","Nefh","SCN"
"939","Nefh","SCN"
"940","Nefl","SCN"
"941","Nexmif","SCN"
"942","Nme1","SCN"
"943","Nono","SCN"
"944","Nrdc","SCN"
"945","Nucks1","SCN"
"946","Nup85","SCN"
"947","Nutf2","SCN"
"948","Oxct1","SCN"
"949","P4hb","SCN"
"950","Pa2g4","SCN"
"951","Palb2","SCN"
"952","Pals2","SCN"
"953","Pccb","SCN"
"954","Pcna","SCN"
"955","Pcolce2","SCN"
"956","Pdcd10","SCN"
"957","Pdia4","SCN"
"958","Pdia6","SCN"
"959","Pdlim7","SCN"
"960","Pfkfb1","SCN"
"961","Pgd","SCN"
"962","Pgk1","SCN"
"963","Pgk2","SCN"
"964","Pgm2","SCN"
"965","Piezo2","SCN"
"966","Pik3c2g","SCN"
"967","Pkp1","SCN"
"968","Pkp3","SCN"
"969","Plk5","SCN"
"970","Postn","SCN"
"971","Ppib","SCN"
"972","Ppl","SCN"
"973","Ppp2r1a","SCN"
"974","Prmt1","SCN"
"975","Prmt5","SCN"
"976","Prpf8","SCN"
"977","Psma3","SCN"
"978","Psma5","SCN"
"979","Psma6","SCN"
"980","Psmb1","SCN"
"981","Psmb2","SCN"
"982","Psmb6","SCN"
"983","Psmb7","SCN"
"984","Psmc1","SCN"
"985","Psmc2","SCN"
"986","Psmc5","SCN"
"987","Psmd13","SCN"
"988","Psmd7","SCN"
"989","Ptbp1","SCN"
"990","Ptgs1","SCN"
"991","Ptprf","SCN"
"992","RO60","SCN"
"993","Rab10","SCN"
"994","Rab11a","SCN"
"995","Rab14","SCN"
"996","Rab25","SCN"
"997","Rab32","SCN"
"998","Rab5a","SCN"
"999","Rab6a","SCN"
"1000","Rack1","SCN"
"1001","Raly","SCN"
"1002","Ralyl","SCN"
"1003","Rap1a","SCN"
"1004","Rara","SCN"
"1005","Rars1","SCN"
"1006","Rbm14","SCN"
"1007","Rbmx","SCN"
"1008","Rcc2","SCN"
"1009","Renbp","SCN"
"1010","Robo3","SCN"
"1011","Rpa1","SCN"
"1012","Rpl10a","SCN"
"1013","Rpl11","SCN"
"1014","Rpl12","SCN"
"1015","Rpl13a","SCN"
"1016","Rpl18a","SCN"
"1017","Rpl19","SCN"
"1018","Rpl23","SCN"
"1019","Rpl26","SCN"
"1020","Rpl28","SCN"
"1021","Rpl3","SCN"
"1022","Rpl30","SCN"
"1023","Rpl31","SCN"
"1024","Rpl35a","SCN"
"1025","Rpl36","SCN"
"1026","Rpl5","SCN"
"1027","Rpl8","SCN"
"1028","Rpl9","SCN"
"1029","Rplp2","SCN"
"1030","Rpn1","SCN"
"1031","Rps10","SCN"
"1032","Rps12","SCN"
"1033","Rps14","SCN"
"1034","Rps15a","SCN"
"1035","Rps17","SCN"
"1036","Rps18","SCN"
"1037","Rps19","SCN"
"1038","Rps20","SCN"
"1039","Rps23","SCN"
"1040","Rps26","SCN"
"1041","Rps28","SCN"
"1042","Rps5","SCN"
"1043","Rps7","SCN"
"1044","Rrbp1","SCN"
"1045","Rreb1","SCN"
"1046","Rtcb","SCN"
"1047","S100a14","SCN"
"1048","S100a16","SCN"
"1049","Safb","SCN"
"1050","Sart3","SCN"
"1051","Scrib","SCN"
"1052","Selenbp1","SCN"
"1053","Septin11","SCN"
"1054","Serpinb5","SCN"
"1055","Sf3a1","SCN"
"1056","Sf3b1","SCN"
"1057","Sf3b3","SCN"
"1058","Sfn","SCN"
"1059","Sfn","SCN"
"1060","Sfpq","SCN"
"1061","Shroom4","SCN"
"1062","Slc22a22","SCN"
"1063","Slc25a29","SCN"
"1064","Smarcd3","SCN"
"1065","Smc1a","SCN"
"1066","Snd1","SCN"
"1067","Snrnp200","SCN"
"1068","Snrpd3","SCN"
"1069","Spata21","SCN"
"1070","Spata5","SCN"
"1071","Sqor","SCN"
"1072","Srsf3","SCN"
"1073","Srsf4","SCN"
"1074","Srsf7","SCN"
"1075","Ssc5d","SCN"
"1076","Ssr4","SCN"
"1077","Stau1","SCN"
"1078","Supt16h","SCN"
"1079","Syncrip","SCN"
"1080","Taok3","SCN"
"1081","Tgm1","SCN"
"1082","Tgm3","SCN"
"1083","Thoc5","SCN"
"1084","Tjp2","SCN"
"1085","Tnfrsf1a","SCN"
"1086","Tns2","SCN"
"1087","Top1","SCN"
"1088","Tpt1","SCN"
"1089","Trim28","SCN"
"1090","Trim29","SCN"
"1091","Ttll6","SCN"
"1092","Tubb2a","SCN"
"1093","Tubb3","SCN"
"1094","Tubb6","SCN"
"1095","Tufm","SCN"
"1096","U2af2","SCN"
"1097","Uba1y","SCN"
"1098","Ube2n","SCN"
"1099","Ufl1","SCN"
"1100","Unc45a","SCN"
"1101","Vps26a","SCN"
"1102","Vps35","SCN"
"1103","Vps39","SCN"
"1104","Vwa7","SCN"
"1105","Wnk1","SCN"
"1106","Ywhah","SCN"
"1107","Znf207","SCN"
"1108","Znf786","SCN"
