Gene.Symbol,Condition
Cul4b,Others
Arfgef2,Others
Cdr2l,Others
Itgb4,Others
Ptprf,Others
Tmem201,Others
Osbpl9,Others
Obscn,Others
Sh3pxd2b,Others
Myom3,Others
Ddi2,Others
Dock11,Others
Map7d2,Others
Ckap5,C4
Map7d1,Others
Rap1gap,Others
Shroom2,Others
Ubr4,Others
Fmnl2,Others
Tubb1,Others
Skt,Others
Agrn,Others
Ttn,Others
Klhl41,Others
Rabgap1,Others
Mocs3,Others
Ttc38,C3
Col6a5,Others
Mtr,C5
Exoc6b,Others
Arhgap31,C3
Itih4,C1
Xpnpep2,Others
Usp24,Others
Tmem245,C4
Dlgap4,Others
Plekhd1,Others
Cad,C4
Ythdc2,Others
Gnai1,C5
Apba1,Others
Otud7b,C5
Trappc11,Others
Plxnb2,Others
Dock5,Others
Rbm25,Others
Pdzd8,Others
Osbpl8,Others
Dgki,Others
Dgkh,Others
Safb,Others
Ccdc6,Others
Gls,Others
Smim20,C4
Fga,C3
Gcn1,Others
Sbf2,C5
Parp4,Others
Ryr1,C5
Tex264,C4
Pi4ka,C4
Apob,C1
Acacb,Others
Rnf213,Others
Myo1e,Others
Ttc7b,Others
Ube4a,Others
Numa1,C6
Chadl,Others
Fry,Others
Yjefn3,Others
Tpr,Others
Tspan15,C5
Arfgef1,Others
Atp2b1,Others
Poglut3,Others
Ank3,Others
Hk2,Others
Capn2,Others
Cacna2d1,C5
Bin1,C3
Sec22b,Others
Dpysl2,Others
Lgals9,Others
Rundc3a,Others
Emd,Others
Gtpbp1,Others
Alyref,C6
Pten,Others
Stxbp1,Others
Endog,Others
Myh11,Others
Map3k4,Others
Metap2,C6
Kng1,Others
Capn5,C5
Ngp,C2
Prdx6,Others
Ampd3,Others
Matn2,C2
Dld,Others
Hsd17b10,C4
Ube3a,Others
Dctn1,Others
Prkcsh,C6
Prdx4,Others
Diaph1,Others
Eftud2,C6
RO60,C4
Mapk12,C5
Faah,C4
Aip,Others
Flot1,Others
Numbl,Others
Sdcbp,C3
Atox1,Others
Degs1,C4
Snap23,C4
Psmb1,Others
Hdac1,Others
Ndufb11,Others
Gsto1,C3
Man2b1,Others
Casq2,Others
Sod3,Others
Casq1,Others
Rpl21,Others
Gclm,Others
Amacr,Others
Kif3c,C4
Ptgis,Others
Vps26c,Others
Agpat1,C4
Dpysl4,Others
Scarb2,C3
Grcc10,Others
Phb2,C4
Ncam2,Others
Bet1l,Others
Col15a1,Others
Ddt,C3
Psmd4,C6
Exoc7,C4
Dhx15,Others
Srsf5,Others
Kpna4,Others
Kpna3,Others
Kpna6,Others
Capn1,Others
Abcc1,Others
Anp32a,C6
Exoc4,Others
Pld3,Others
Folh1,C3
Clcn6,Others
Ech1,Others
Fkbp8,Others
Bhmt,C3
Notch2,Others
Stx1a,Others
Rabep1,Others
Psmd14,Others
Adam10,Others
Npc1,Others
Scamp3,Others
Pmm1,Others
Anxa3,Others
Ap1b1,Others
C1qbp,Others
Mgll,C4
Myadm,Others
Nudc,Others
Matn3,Others
Sptlc1,C4
Hnrnph1,C6
Chil3,Others
Api5,C4
Bcat2,Others
Timm44,Others
Cops5,Others
Slc1a4,Others
Calu,C4
Aldh1a7,Others
Pitpnm1,Others
Psmb10,Others
Gamt,C4
Zw10,Others
Cavin1,Others
Ddost,C4
Aox1,Others
Ap3d1,Others
Srpk2,Others
Man2b2,Others
Dffa,Others
Rgs7,Others
Csnk2a2,Others
Hmgb3,C6
Itgb3,C6
Akap2,Others
Smarce1,C6
Dnajb6,Others
Prkag1,C5
Banf1,Others
Crym,Others
Get3,Others
Slk,C3
Cntnap1,C1
Fkbp7,Others
Trappc3,Others
Pgrmc1,Others
Impa1,Others
Entpd2,C5
Copb2,C4
Nck2,Others
Snca,Others
Pde6d,Others
Impact,Others
Stk10,Others
Bloc1s1,Others
Prx,Others
Strn,C4
Nipsnap1,Others
Nipsnap2,Others
Septin7,C4
Eif6,Others
Acot1,Others
Rpl35a,Others
Atp2a2,Others
Cd59a,C3
Supt5h,C6
Ilk,Others
Chad,Others
Chkb,Others
Psmb5,C3
Dhx9,C6
Dpm1,C4
Pip5k1c,Others
Pip4k2a,Others
Eif3d,Others
Pdlim3,Others
Atp9a,Others
Pgam2,Others
Eef1b,Others
Hmox2,Others
Sgce,C5
Atxn2,Others
Itgb5,Others
Nmt1,Others
Epb41l2,Others
Gpx4,C5
Gpld1,Others
Xirp1,Others
Emc8,Others
Pdlim1,Others
Aoc3,C4
Psma3,Others
Stx7,Others
Gnaz,Others
Ubr1,C5
Snx3,Others
Snx12,Others
Hsd17b12,C4
Tcap,Others
Diaph2,Others
Pdk4,C3
Slc25a17,Others
Cask,Others
Pfdn2,Others
Rtn2,Others
Myoc,C5
Col5a1,Others
Sorl1,Others
Nid2,Others
Ctnnal1,C5
Wdr1,Others
Slc4a4,Others
Vti1b,C6
Avil,Others
Papss2,Others
Mtx2,Others
Klc1,C4
Klc2,Others
Dhcr7,C4
Capns1,Others
Dync1i1,Others
Dync1i2,Others
Plin4,Others
Ikbkg,Others
Ppt1,Others
Zfr,Others
Ddc,C5
Cops3,Others
Cops4,C5
Cops6,C5
Hnrnpa2b1,C6
Comt,Others
Pglyrp1,C6
Pak1,Others
Lamtor3,C6
Psmc3,Others
Clpp,Others
Ctbp1,Others
Hsd17b7,C4
Birc6,C4
Gdap1,Others
Tom1,C6
Stam2,Others
Idh1,Others
Rbbp9,Others
Syn1,Others
Lin7c,Others
Gnpda1,Others
Yme1l1,Others
Stx8,Others
Gcat,Others
Actn3,Others
Cpd,C4
Lgmn,Others
Afm,Others
Tpp1,Others
Sh3pxd2a,Others
Itm2b,C4
Coro1a,C6
Cope,C4
Rbm3,Others
Sypl2,C5
Fhit,Others
Lancl1,C5
Dnajb5,Others
Adh1,Others
Mtco2,C4
Hprt1,Others
Ca2,C4
C3,C5
C4b,Others
Jchain,Others
Thy1,Others
Igkc,Others
NA,Others
Igh-3,Others
Ighg1,Others
Ighm,Others
NA,C3
H2-Q10,Others
H2-K1,Others
Hba,C2
Hbb-b1,C4
Hbb-b2,Others
Hbb-y,C4
Lamc1,Others
Lamb1,Others
Krt10,Others
Mtnd1,Others
Mtnd4,Others
Mtnd5,Others
Mtatp8,Others
Cfd,Others
Ada,C6
Iap,C3
NA,C5
Gfap,Others
Fabp4,Others
Cfb,Others
Mb,C3
Mbp,C3
Araf,C3
Slc4a1,C4
Prnp,Others
Aldoc,Others
Aldoa,Others
Prkaca,Others
Got1,C3
Got2,Others
Saa2,C3
Src,Others
Itgam,C2
Pdgfrb,Others
Myl1,Others
Ldha,Others
C9,Others
C5,Others
Apoa4,C3
Gpi,Others
Ctsl,Others
Ptprc,C2
Me1,Others
Enpp1,Others
Cfh,C3
S100a4,Others
Sparc,C4
Ttr,Others
Ckm,Others
Anxa2,Others
Alb,Others
Serpina3k,Others
Hsp90aa1,C6
Phkg1,Others
Pdia4,C2
Aprt,Others
Spta1,C4
Ltf,C2
Hsp90b1,C2
Col3a1,Others
Col4a2,Others
S100a10,Others
Apoe,C3
Sod1,C3
Mdh2,Others
Nefl,Others
Nefm,Others
Nras,Others
C4bpa,Others
Gnai2,Others
Lyz2,C6
Itgb1,Others
P4hb,C6
Alpl,Others
Ncl,C6
Pgk1,Others
Ace,Others
Fth1,C3
Myl3,Others
Sod2,Others
Cdh1,Others
Chmp6,Others
Prkg1,Others
Clec2l,C3
Ly6c1,Others
Lynx1,C5
Anxa1,C6
Eef1a1,C2
Nid1,Others
Alad,Others
Ctsb,Others
Eif4a2,Others
Mapt,Others
Txn,Others
Gstm1,C3
Tcea1,C6
Rras,Others
Slc3a2,C1
Sub1,C6
Col1a1,Others
Parp1,C6
Mpo,C2
Fn1,C3
Gpx1,C6
Fabp3,C3
Hsp90ab1,C2
Dmd,Others
L1cam,Others
Lcn2,C6
Krt8,Others
Itga5,Others
Camk2a,Others
Itgb2,C6
Agt,C3
Itpr1,Others
Tcp1,Others
App,Others
Ucp1,C4
Apcs,C3
Gusb,C2
Prkar2a,C3
Pfkl,Others
Calb1,Others
Fabp1,C3
Cox5a,Others
Pdcd6,Others
Cntn1,C1
Rpl7a,C6
Gsn,C4
Tnni2,Others
Umps,C4
Myh8,Others
Ncam1,Others
Icam1,C5
Ca1,C2
Gpd1,Others
Slc4a2,Others
S100a6,C3
Atp1b1,Others
C1qb,C4
Rpl27a,C6
Rps16,C6
Rpl7,C2
Mdh1,Others
Rpsa,C6
Calr,C6
Atp1b2,Others
Srp54,C4
Hspb1,Others
Psmd3,Others
Lmnb1,C6
Anxa6,Others
Crp,C5
Rplp0,C6
Map1b,Others
Hmox1,Others
Glul,Others
Cdh2,Others
Bpgm,C4
Prph,Others
Cd44,Others
Sptb,C4
Nme1,Others
Gstm2,C1
Ca3,Others
Lgals1,Others
Prkce,Others
Lgals3,C3
Ldhb,Others
Cnp,Others
Mmut,Others
Kcna1,C5
Enpep,Others
Ass1,C3
Sptan1,Others
Ctsa,C4
Gapdh,Others
Hspa2,C3
Eno1,C6
Eno2,Others
Ptbp1,C2
Ap2a1,Others
Ap2a2,C4
Gba,Others
Selenbp1,Others
Hk1,Others
Ppia,Others
Tpi1,Others
Slc2a1,C5
Pcna,C2
Ptpra,Others
Ctsd,Others
Bsg,Others
Slc7a2,C3
Rps6ka3,Others
Cfl1,Others
Phka1,C5
Gnao1,Others
Krt19,Others
Fasn,C4
Gstp1,Others
F2,C1
Nefh,Others
Rpl13a,C2
Serpinh1,C4
Cox5b,Others
Cox4i1,C4
Lsp1,C6
Hspa5,C6
Hexb,Others
Prdx3,Others
Vim,Others
F3,C5
Map2,Others
Prkca,Others
Tnnc2,Others
Mag,C4
Plg,Others
Tpm3,Others
Ubl4a,Others
Gna11,Others
Gnaq,Others
Abcb1a,C5
Cst3,C3
Eno3,Others
Gc,C3
Lmnb2,C3
Mcpt4,C5
Ache,Others
Tpsb2,Others
Mfge8,Others
Tgm2,Others
Emb,Others
Fech,Others
Serpina1b,Others
Cbl,Others
Ap1g1,Others
Hmbs,C6
Crabp2,Others
Eif3a,C6
Cbx3,Others
Gja1,Others
Pnp,C2
Pcmt1,Others
Gfus,Others
Glb1,C4
Cryab,Others
Ces1c,C5
Cat,Others
Bcat1,Others
Ppib,C2
Capg,Others
Gsta4,C1
Pmp2,Others
Lta4h,Others
Th,C5
Impdh2,C2
Aldh1a1,C1
Acp2,Others
M6pr,Others
Rps2,C6
Lyn,C4
Tln1,Others
Ezr,C2
Msn,Others
Rdx,C4
Ctnna1,C4
Klkb1,Others
U2af2,C6
Glud1,Others
Psmd7,Others
Sars1,Others
Fkbp1a,Others
Map4,Others
Mpz,Others
Gna12,Others
Gna13,C5
Plaa,Others
Xrcc5,Others
Rpl3,C6
Pdia3,C6
Psmb8,C6
Gjb1,C3
Aco1,C4
Ctsg,C6
Apex1,Others
Adh5,C3
Col2a1,Others
Adss1,Others
Camk2b,Others
Bgn,Others
Dcn,Others
Nap1l1,C6
Atxn10,Others
Nckap1,C5
Septin4,Others
Napb,C1
Mug1,Others
Kif5c,C5
Kif2a,Others
Kif3a,Others
Grn,Others
Dpp4,C3
Prkcd,Others
Pabpc1,C6
Ptpn6,C2
Ftl1,C3
Hexa,Others
Nedd8,Others
Ahsg,Others
Oat,Others
Vtn,Others
Ckmt1,Others
Ppic,C4
Fkbp4,C2
Gna14,Others
Ctnnd1,Others
Des,Others
Aimp1,C6
Prkar2b,Others
Dpep1,C5
S100a9,C2
Akt1,Others
Dbi,C2
Map2k1,Others
Scp2,Others
Slc2a3,Others
Ssb,C2
Drg1,Others
Serpinc1,Others
Pvalb,Others
Kras,Others
Wars1,Others
Kif1a,Others
Kif5a,Others
Ranbp1,Others
Ptk2,Others
Mif,Others
Ephx2,Others
Usp4,Others
Ptpn11,Others
Rab5c,Others
Rab6a,C4
Rab21,C4
Rab12,C5
Rab23,Others
Rab24,Others
Rab18,C4
Hspb7,Others
Thbs1,Others
Pdha1,Others
Fah,C3
Fbl,Others
Canx,C4
Ap1m1,Others
Prdx1,C6
Cd81,Others
Gpm6a,Others
Gpm6b,C5
Ptpn1,Others
Fmr1,Others
Ldlr,Others
Rpl12,C6
Rpl18,C2
Cpox,Others
Gnl1,Others
Ppm1b,Others
Por,C4
Tagln,Others
Fbln2,Others
Hmgcl,Others
Ttl,Others
Hspa9,Others
Dnm1,Others
Dnm2,C4
Col18a1,Others
Man1a2,Others
Tjp1,Others
Fyn,Others
Timp3,Others
Cap1,Others
Tkt,C2
Cd82,Others
Cd9,Others
Vps26a,Others
Inmt,C5
Acsl1,Others
Abca2,Others
Csk,Others
Mmp9,C6
Mbl2,C5
Eci1,Others
Septin2,C4
Stat1,Others
Stat3,Others
Stat5b,C4
Eps15,C6
Pura,C3
Lifr,C4
Htt,C5
Cct8,C6
Clec3b,C4
Itgav,Others
Akr1b1,Others
Akr1b8,C5
Cfl2,Others
Fkbp2,C6
Acadm,Others
Rangap1,Others
Syt2,Others
Gpx3,C1
Cdkn1b,Others
Nsf,Others
Vps4b,Others
Psmc2,C6
Rab11b,C4
Ina,Others
Adss2,Others
Myo1b,Others
Brcc3,Others
Nedd4,C4
Yap1,Others
Stt3a,C4
Cryz,C1
Rph3a,C4
Aldh2,Others
Aldh3a2,C4
Capza1,Others
Capza2,Others
Capzb,Others
Srprb,C4
Gsr,Others
Mtx1,Others
Map2k4,C5
Mapk14,C4
Gfpt1,Others
Pfkm,Others
Scg3,Others
Igfbp6,Others
Rpl6,C6
Crat,Others
Crkl,Others
Rpl5,C6
Rpl13,C6
Anxa5,Others
Epb41,Others
Abcd1,Others
Tbca,Others
Ppp3cb,C5
Lmna,Others
Hspa4l,Others
Cbr1,C5
Gstm5,C1
Slc25a4,Others
Serpind1,Others
Epb42,C2
Epx,C6
Hnrnpa1,C6
Inpp1,Others
Ppm1a,Others
Ptpre,Others
Cdk5,Others
Psma2,C6
Tmod1,Others
Cav1,Others
Ctsh,C6
Srp9,C6
Impdh1,Others
S100b,Others
Bckdha,Others
Hsd17b8,Others
Ahcy,Others
Fmo1,C4
Gdi1,Others
Sts,Others
Arsb,C6
Csrp3,Others
Atp6v1a,Others
Atp6v1e1,C3
S100a11,C4
Acadvl,Others
Pa2g4,C6
Fmod,Others
Cast,Others
Rab7a,C4
Uros,Others
Acadl,Others
Ppox,Others
Rpl9,C6
Plcb3,Others
Camp,C2
Cntf,C5
Hsd17b4,C4
Myl2,Others
Gss,Others
Hdgf,Others
Atp6v0d1,C4
Fabp7,Others
Slc25a5,C4
Lum,Others
Apod,C3
Slc1a5,Others
Nek1,Others
Sqle,C4
Clgn,Others
Tst,Others
Jak1,Others
Pon1,Others
Polr1c,C3
Usp10,Others
Pkm,Others
Ndufs6,Others
Stat6,Others
Rida,C3
Efnb1,Others
Cpt2,Others
Sult1a1,Others
Rpl10a,C6
Dbt,Others
Cux1,C4
Pklr,Others
Limk1,Others
Hccs,C4
Fdft1,C4
Pitpna,Others
Pitpnb,C4
Slc16a1,Others
Rab2a,Others
Cnbp,Others
Idh2,Others
Dnajc2,Others
Stom,C2
Stmn1,Others
Rad23a,Others
Rad23b,Others
Nub1,Others
Faf1,Others
Psmc4,Others
Tango2,Others
Galc,Others
Adsl,Others
Ddx6,Others
Hmgcs2,C3
Adprh,Others
Slc12a2,Others
Abcd3,C4
Rab8a,C4
Adk,Others
Cdh5,Others
Cdh11,Others
Lrpap1,Others
Entpd1,Others
Stmn2,Others
Golga3,Others
Atp5mf,Others
Arpp19,Others
Gfer,C3
Rab4a,Others
Acyp2,Others
Acyp1,C3
Nudt2,C5
Dynlt3,Others
Cda,Others
Cox6b1,Others
Cyb5a,C4
Usp5,Others
Atp5f1b,C6
Cd38,Others
Slc1a3,Others
Wfs1,Others
Pdcd5,Others
Znrd2,C4
Fus,Others
Usp25,Others
Ncstn,Others
Pcbp3,Others
Pcbp4,C6
Atp6v1d,C3
Erp29,C2
Eef1d,C2
Actn4,Others
Snrpa1,C6
Tm9sf2,Others
Idi1,C2
Mrps21,Others
Eef2,C2
Opa1,Others
Ptpa,Others
Strn4,Others
Aaas,Others
Tpm1,Others
Tpm2,Others
Tnks1bp1,Others
Vps33b,Others
Bcl2l13,Others
Cpne2,Others
Rab2b,Others
Arhgap39,Others
Eif5,Others
Lman2l,Others
Anks1a,Others
Sf3b6,Others
Sash1,Others
Arpc4,C4
Ruvbl1,Others
Plp1,Others
Eif3e,Others
Pcbp1,C6
Ppfia3,Others
Pdxp,Others
Gabarapl2,Others
Nploc4,C3
Cdc42,C4
Cirbp,C3
Eif4a1,C6
Snap25,Others
Dnajc5,C3
Rab5b,Others
Chp1,Others
Rab10,C4
Ube2m,Others
Ube2k,Others
Ube2n,Others
Fgf1,Others
Actr2,C4
Actr1a,Others
Cops2,Others
Arl1,C4
Abce1,Others
Rap2b,C5
Rpl26,Others
Stx1b,Others
Psme3,C2
Rab6b,Others
Rpl27,Others
Naa20,Others
Vbp1,Others
Abat,Others
Copz1,Others
Ufm1,Others
Dcaf7,Others
Wdr5,C6
Ap1s1,C4
Nutf2,Others
Hnrnpk,C6
Ywhag,Others
Timm10,Others
Timm13,Others
Rps7,Others
Ppp1ca,Others
Ppp1cb,Others
Psmc1,Others
Psmc5,Others
Rps8,C2
Rps15a,C6
Ube2g1,Others
Ube2h,C4
Ywhae,Others
Rps14,C6
Rps18,C6
Rps11,C6
Rps13,C6
Snrpe,C6
Snrpd1,Others
Snrpd3,Others
Arf6,C3
Psmc6,C4
Selenot,Others
Kcnab2,Others
Abi2,Others
Dynlrb1,Others
Eef1a2,C4
Rps4x,C6
Rpl18a,C6
Ap2s1,Others
Rhob,Others
Hpcal1,C3
Rps6,C2
Vsnl1,C3
Mtpn,Others
H4c1,C6
Atp6v1b2,Others
Rab1A,Others
Ran,Others
Rpl23,Others
Rap1a,C3
Rps24,C6
Rps25,Others
Rps28,C6
Gnb1,C5
Gnb2,C5
Gnb5,Others
Rpl30,C6
Cycs,Others
Rps3,C6
Rpl32,Others
Ybx1,C6
Pfn1,C6
Rps27a,C6
Tra2b,C6
Rac1,Others
Pafah1b1,Others
Rab3a,Others
Hspa8,C6
Tpt1,Others
Dnaja1,C6
Hspd1,Others
Cplx1,Others
Sult4a1,Others
Pcp4,Others
Eif4e,Others
Mapk1,Others
Gnas,C5
Ywhaz,Others
Kcna2,C5
Kcnab1,Others
Hmgb1,C3
Dynll1,Others
Gng2,Others
Gng3,C3
Eif5a,Others
Pkia,Others
Rps17,Others
Ube2i,C4
Rala,Others
Rps12,C6
Rps10,C6
Ppp3ca,Others
Phb,C4
Csnk2b,C6
Rpl22,Others
Ube2l3,Others
Rack1,C6
Acta1,Others
Prkacb,Others
Ywhaq,C4
Tuba4a,Others
Tubb4b,Others
Prkcb,Others
Ywhah,Others
Ranbp9,Others
Sbds,Others
Kpnb1,Others
Dlg3,C5
Kifap3,Others
Lxn,Others
Itpr3,Others
Chl1,C5
Map2k6,C4
Pald1,Others
Pfkfb2,C3
Pkn1,Others
Pdlim4,Others
Selenop,Others
Vamp7,C4
Hdac2,Others
Mpp1,Others
Aup1,Others
Pebp1,Others
Stam,Others
Stim1,Others
Ctps2,Others
Hnrnph2,Others
Rock1,C4
Rock2,Others
Bcl2l2,Others
Hint1,Others
Ufd1,Others
Elavl1,C6
Usp9x,Others
Tp53bp1,Others
Mybph,Others
Idh3g,Others
Rit2,C3
Evl,Others
Slc9a3r1,C3
Stx4,Others
Vasp,Others
Sparcl1,C3
Naca,C4
Irf3,C4
Casp3,C2
Fbp2,Others
Urod,C6
Ctps1,C4
Gaa,C6
Atp8a1,Others
Cct7,Others
Cct2,C6
Cct4,Others
Cct5,Others
Cct6a,Others
Cct3,C6
Nucb2,Others
Tgfbi,Others
Renbp,Others
Sgcd,C5
Sgcb,C5
Sgca,Others
Stim2,Others
Wnk1,Others
Txnl4a,Others
Cbx1,Others
Eloc,Others
Ap2m1,C4
Rhog,Others
Rpl19,C6
Srsf3,Others
Isoc2a,Others
Serping1,Others
Serpinf1,C4
Nptn,Others
Csrp2,Others
Csrp1,Others
Nrp1,C4
Nxn,Others
Rps3a,C6
S100a13,Others
Sms,C1
Sptlc2,Others
Evi5,C4
Atp1b3,Others
Psme1,C6
Frg1,C6
G3bp2,C6
Anxa11,Others
Vps45,C4
Arhgap5,Others
Crmp1,Others
Anxa4,Others
Mprip,Others
Smyd1,Others
Fhl1,Others
Anpep,Others
Atp5pf,Others
Mylpf,Others
Smad4,Others
Myo7a,C4
Txn2,Others
Gclc,Others
Cpt1a,Others
Wbp2,Others
Thumpd3,Others
Sirpa,Others
Fh,Others
Map4k4,Others
Ctsc,C6
Anp32e,C6
Lypla1,Others
Jpt1,Others
G3bp1,C2
Fmo5,Others
Lama4,Others
Dtymk,Others
Dab2,C4
Atp8a2,Others
Arvcf,C4
Tubb5,Others
Psmb4,Others
Rplp2,C6
Uqcrh,Others
Prdx5,Others
Cpe,C4
Xdh,C3
Il6st,Others
G6pdx,Others
Apoa1,Others
Rbp4,Others
Serpina1d,Others
Serpina1e,C4
Rbp1,Others
Hnrnpul2,C4
Pde1b,Others
Col1a2,Others
Egfr,Others
Apoh,C3
Sec23a,C4
Rsu1,C4
Nme2,Others
Vcp,C6
Uba1,Others
Prkcq,Others
Ctnnb1,Others
Jup,Others
Ank1,C2
Col6a2,Others
Cacna1s,Others
Nucb1,Others
Chat,Others
Mark3,Others
Enah,Others
Atp5f1a,C6
Scg2,Others
Serpina3m,C1
Pfdn6,Others
Eif2ak2,Others
Rela,Others
Ckb,Others
Nf1,C5
Yes1,Others
Top1,C6
Col6a1,Others
Sox10,Others
Acp5,C4
Rcn1,C4
Mark2,Others
Hspg2,Others
Fabp5,Others
Pc,Others
Drp2,C5
Eml1,Others
Eif5b,C4
Cab39,C5
Atp5me,Others
Aplp2,Others
Serpina6,C4
Clu,C3
Anxa7,Others
Igf2r,Others
Serpine2,Others
Acads,Others
Ambp,C3
Lgals3bp,Others
Bax,Others
F13b,Others
Cbfb,Others
Cnn1,Others
Cnn2,Others
Calb2,Others
Pecam1,Others
Padi2,Others
Cd36,C4
Fbln1,Others
Ssrp1,C6
Inf2,Others
Itgb8,Others
Npepps,C5
Pepd,Others
Relch,Others
Gspt2,Others
Ptcd3,Others
Nsun2,C6
Trim72,Others
Specc1l,Others
Gsk3a,Others
Pi4k2a,Others
Hsdl2,Others
Col28a1,Others
Cd163,C4
Osbp,Others
Marchf5,Others
Igfn1,C1
Jsrp1,Others
Hddc2,C3
Fahd2,Others
Hs1bp3,Others
Cul4a,Others
Plbd2,Others
Ppp1r21,C4
Rogdi,Others
Faf2,C4
Stt3b,Others
Hp1bp3,C6
Iqsec3,Others
Lpcat1,C4
Eepd1,Others
Myl12b,Others
Aarsd1,Others
Gmps,Others
Mat2a,Others
Ric8a,Others
Pde12,C3
Zc3h15,Others
Usp39,Others
Pdlim7,Others
Fam98a,Others
Cwc27,Others
Nlrx1,Others
Prrc2c,Others
Trappc10,Others
Gdpgp1,Others
Scrn3,C3
Tmem38a,Others
Ccdc102a,Others
Exoc5,Others
Pnpla6,Others
Krt2,Others
Tamm41,Others
Pbxip1,Others
Uap1l1,Others
Tmem63b,Others
Pip4p1,Others
Srsf6,Others
Psmd1,Others
Smyd5,Others
Esyt2,C4
Dhrs11,C4
Khsrp,C6
Pag1,Others
Ddb1,C3
Sec24a,Others
Lmf1,C4
Hectd3,Others
Cmpk2,Others
Esyt1,Others
Fbxo7,Others
Tmem109,Others
Ttll12,Others
Yipf3,Others
Ube2z,Others
Puf60,C6
Lyplal1,Others
Frmd8,Others
Zyg11b,Others
Hdhd2,Others
Mcrip1,C2
Arfgef3,Others
Sdk1,C4
Dip2b,Others
Limch1,Others
Nt5dc3,C3
Dab2ip,Others
Snx27,Others
Zswim8,C3
Ccser2,C4
Tmed8,Others
Aak1,Others
Dop1b,Others
Mtcl1,Others
Pdap1,Others
Arhgap17,C4
Plekha7,Others
Ndufb6,Others
Edc4,Others
Usp19,Others
Rmdn3,C4
Smu1,Others
Mccc2,Others
Gpd1l,Others
Parp3,Others
Cog7,Others
Ppp1r7,Others
Washc4,Others
Cobll1,Others
Mcu,Others
Ppp1r12c,Others
Eml4,Others
Lclat1,C4
Cryzl2,Others
Elane,C6
Prrc1,Others
Arhgef40,C4
Sec31a,C4
Sbspon,Others
Pxdn,C4
Iqgap2,C5
Slmap,Others
Acsf3,Others
Plcl1,C5
Sorbs2,C4
Cdc42bpa,Others
Tbc1d24,C5
Them4,Others
Pgap1,Others
Pdp1,Others
Fam91a1,Others
Ermp1,Others
Vps51,Others
Niban1,Others
Ppm1h,Others
Ncbp1,Others
Rcsd1,Others
Elapor2,Others
Ttc9,Others
Pls1,Others
Ampd1,Others
Nt5c2,Others
Pacs2,C4
Mthfd1l,Others
Itga1,C5
Syne3,Others
Abracl,C6
Oxr1,Others
Arap1,C4
Odr4,Others
Tmem65,Others
Tapt1,C4
Ddx17,C6
Lrrc47,Others
Srrm1,Others
Prune2,Others
Ddx46,Others
Thrap3,Others
Deptor,Others
Aldh16a1,C6
Spag9,C4
Ndufaf2,Others
Usp13,Others
Afap1l2,C2
Spata13,Others
Hspb6,Others
NA,C4
Prkaa1,Others
Taok1,Others
Mlip,Others
Cemip2,Others
Arhgap1,C4
Vps13a,C5
Slc25a51,Others
Cnrip1,Others
Sdr39u1,Others
Fa2h,C4
Cobl,Others
Trappc1,Others
Diras2,Others
Crppa,Others
Brsk1,Others
Cyfip2,Others
Tom1l2,Others
Zzef1,C3
Abr,Others
Arhgap44,Others
Psme4,Others
Tns3,Others
Luc7l3,Others
Pfas,Others
Rap1gap2,Others
Tbc1d9b,Others
Cluh,Others
Nacad,C6
Slc25a35,C4
Acaca,C4
Myh4,Others
Myh1,Others
Specc1,Others
Myo1d,C1
Rabl6,Others
Ubr3,Others
Dnajc11,Others
Acbd5,Others
Arcn1,C6
Mybpc2,Others
Rnf123,Others
Ogdh,Others
Cttn,Others
Myl6,Others
Grb2,Others
Flot2,Others
Gm2a,C4
Clpb,Others
Hnrnpd,C6
Lama2,Others
Ppp5c,Others
Psmb6,C3
Samhd1,C4
Slc27a1,Others
P4ha1,C4
Csnk2a1,Others
Bag1,C3
Khdrbs1,Others
Gcdh,Others
Stxbp3,C5
Gas7,Others
Rasa3,C2
Col12a1,Others
Serpinb6,Others
Stip1,Others
Caprin1,C6
Pter,Others
Elavl2,Others
Elavl3,Others
Eps15l1,Others
Vdac2,C4
Vdac3,Others
Vdac1,C4
Coq8a,Others
Pml,C6
Kpna1,Others
Pla2g7,Others
Papss1,C2
Rbbp4,Others
Rbbp7,Others
Adipoq,Others
Ppp2r5c,Others
Lama5,Others
Asns,Others
Tmpo,Others
Tmpo,Others
Tmpo,Others
Hars1,Others
Pak3,Others
Ppm1g,Others
Cdc37,Others
Prtn3,C6
Sdf4,C3
Cfi,C3
Gstt2,Others
Prpf4b,C4
Cp,C3
Ppp2r5e,C5
Slc9a1,Others
Mapre1,Others
Prdx2,C2
Arg1,C3
Tsg101,Others
Clns1a,Others
Hcfc1,Others
Pafah1b3,Others
Pafah1b2,Others
Psap,C6
Arhgef1,Others
Lcp1,Others
Snta1,C5
Sntb2,C3
Fnta,Others
Serpinf2,Others
Igbp1,Others
Acan,Others
Abcd2,Others
Lamb2,Others
Ctnna2,Others
Hspa4,Others
Cntn2,C5
Bcap31,Others
Mme,Others
Pcolce,C4
Hadh,Others
Dhh,Others
Alcam,Others
Nt5e,Others
Ecm1,Others
Trim25,C3
Erbb3,Others
Glg1,Others
Ewsr1,Others
Snap91,Others
Rad21,Others
Fscn1,C4
Fbn1,Others
Fbn2,Others
Fcgrt,C4
Fkbp10,C4
Fdxr,Others
Fxr1,Others
Ktn1,C6
Gdi2,C4
Arhgdib,C6
Pacsin1,Others
Hp,Others
Ddx19a,C4
Ddx5,Others
Cbx5,C6
Hsph1,C4
Elavl4,Others
Itih1,C5
Itih2,Others
Itih3,C1
Il1rap,Others
Cd47,Others
Itga7,C5
Itga6,Others
Eif2b4,Others
Phgdh,Others
Kif5b,C4
Kif3b,Others
Lasp1,Others
Lrrn1,Others
Pdcd4,Others
Mrc1,Others
Pzp,Others
Prg2,C2
Myh10,C1
Mog,Others
Kcna6,Others
Npm1,C6
Pcbp2,C2
Ogn,Others
Postn,C4
Pea15,Others
Vcan,C1
Prkci,Others
Plcg1,Others
Pon2,Others
Ddx3y,Others
Dlg4,Others
Aldh1a2,Others
Dag1,Others
Ddx3x,C6
Ssr4,Others
Dpysl3,Others
Rpa2,Others
Sf3a2,Others
Tgfb1i1,Others
Myom1,Others
Snrpc,C6
Sos1,Others
Sptbn1,Others
Thrsp,C4
Syp,Others
Trim28,C6
Tsn,Others
Tfrc,C6
Fstl1,Others
Snrnp70,C6
Zpr1,Others
Tpd52,C4
Speg,Others
Sorbs1,Others
Dbnl,Others
Sh3gl1,C4
Sh3gl2,Others
Ostf1,Others
Ndufa4,C4
Cstb,Others
Ndrg1,Others
Vamp1,Others
Fkbp3,C4
Eif4g2,Others
Vat1,Others
Itga2,Others
Zyx,Others
Ppp3r1,Others
Commd3,Others
Mapk3,Others
Nup62,Others
Cavin2,C1
Map2k2,Others
Patj,Others
Rab34,C4
Crk,Others
Raly,Others
Aebp1,C5
Hepacam,Others
Spr,C3
Maoa,Others
Actr3b,Others
Sf1,C6
Surf4,C4
Cd34,C4
Myo6,C4
Syn2,Others
Sqstm1,C6
Isg15,C2
Ifit3,C3
Rgn,C3
Fkbp5,C1
Hspe1,Others
Ugt1a6,Others
Sord,C3
Mrc2,Others
Gstt1,Others
Top2b,C4
Ptpn13,Others
Tpp2,C3
Gk,Others
Atp2a3,Others
Guk1,Others
Gpd2,Others
Nqo1,C1
Srm,C4
Ugt8,C4
Capn3,Others
Azgp1,Others
Vcl,Others
Gart,Others
Ctnna3,Others
Ptpmt1,Others
Plekhg5,C4
Cltc,C4
Git1,C4
Galk2,Others
Ahcyl2,Others
Mars1,Others
Brsk2,Others
Gba2,Others
Myof,Others
Hectd1,C3
Sv2c,Others
Hbs1l,Others
Kazn,Others
Ehbp1,Others
Ltn1,Others
Pds5a,C4
Swap70,Others
Cep170,Others
Cdc5l,Others
Secisbp2l,C4
FAM120A,Others
Usp7,Others
Ncoa7,Others
Nop58,Others
Antxr2,Others
Smarca2,Others
Lemd2,Others
Nomo1,Others
Islr,C4
Kdsr,Others
Ralgapa1,Others
Krt42,Others
Gpsm1,Others
Tpm4,Others
Cltb,C3
Exoc3,Others
Mvb12b,Others
Npepl1,Others
Dusp23,Others
U2surp,Others
Wdr44,Others
Pptc7,Others
Cpsf6,C6
Lpcat4,C4
Sec23ip,C4
Eif4g1,Others
Ptpdc1,Others
Soga3,Others
Sri,Others
Xpnpep1,Others
Ppp2r2a,Others
Tnpo3,Others
Golm2,Others
Bckdhb,Others
Nudt16,Others
Snrnp200,Others
Abcf1,C4
Smug1,Others
Dhx57,Others
Uggt1,Others
Slc39a10,Others
Xpo1,Others
Ubxn7,Others
Nes,Others
Ckmt2,Others
Tatdn1,Others
Snx6,Others
Kank4,Others
Ano6,C5
Caskin1,Others
Fhod1,C4
Fkbp15,Others
Oxsr1,Others
Atl2,Others
Prkab2,Others
Txlna,C6
Gapvd1,C4
Herc4,Others
Ptpn23,Others
Lrpprc,Others
Mff,Others
Ppp2r5a,Others
Ip6k1,Others
Armh3,C5
Pigs,Others
Ppp2r5b,Others
Smarcc2,C6
Phldb1,Others
Ecpas,Others
Mindy2,Others
Dync1li2,Others
Srsf1,C6
Mylk,Others
Chd4,C6
Sarm1,C5
Ado,C4
Snrnp40,Others
Abhd10,C3
Mob4,Others
Ctif,Others
Rrm2b,Others
Mapre3,Others
Wipf2,Others
Pik3c3,Others
Nup98,Others
Rimkla,Others
Naa50,Others
Dhx29,Others
Exoc8,Others
Bud31,Others
Jpt2,Others
Washc2,Others
Dclk2,C1
Rab35,Others
Sort1,C4
Camk2d,Others
Atp1a3,Others
Atp1a2,Others
Nudcd1,Others
NA,Others
Rhbdf1,Others
Atp2b4,Others
Ddx58,Others
Ppp1r9b,Others
Magi1,Others
Paqr6,C4
Vkorc1l1,C4
Myh14,Others
Npr2,Others
Kctd12,C2
Slc44a1,Others
Tacc1,Others
Gigyf2,Others
Sbf1,C5
Tex2,Others
Ube2o,Others
Pitpnm2,Others
Smpd4,Others
Carns1,Others
Kifbp,Others
Cnot1,Others
Cand1,Others
Larp1,Others
Cand2,C4
Igsf3,C4
Ppip5k2,Others
Mlec,C4
Acap2,Others
Rps9,C6
Spcs3,C4
Syne1,Others
Rpl10,Others
Eif2s1,Others
Ube2r2,Others
Trpv1,Others
Akap9,Others
Synm,Others
Tm7sf2,C4
Tln2,Others
Kyat3,Others
Mindy1,Others
Ppp2r1a,Others
Atp5mk,Others
Apool,C4
Msrb2,C3
Fbxo22,Others
Ccdc25,Others
Snd1,C2
Ostc,C4
Nap1l4,C4
Mtch1,Others
Mtch2,Others
Picalm,Others
Cyfip1,C4
Fcsk,Others
Ndufa12,Others
Syncrip,C6
Tubb2a,Others
Wdr91,Others
Prcp,Others
Abcg2,Others
Huwe1,Others
Smap2,Others
Luc7l2,Others
Inpp5a,Others
Spag7,Others
Eml2,Others
Ldhd,Others
Dek,C2
Tlcd3b,Others
Fsd1,Others
Actn1,Others
Nexn,Others
Srl,Others
Podn,Others
Lnpk,C4
Tppp,Others
Amph,Others
Plekha6,Others
Atxn2l,Others
Otub1,Others
Ccdc93,Others
Itpkc,Others
Prrc2a,Others
Stk38l,C5
Lrrc75a,Others
Phkb,Others
Ppp6r1,Others
Map6,Others
Pdpr,Others
Pgm2,Others
Galnt17,C3
Elp1,Others
Cdc42bpb,Others
Ahcyl1,Others
Vat1l,C4
Erbin,Others
Cadps,Others
Ppm1e,Others
Phf24,Others
Mon2,C4
Nisch,Others
Zdhhc17,Others
Plekhm2,Others
Clasp1,Others
Fnbp1,Others
Dnajc6,Others
Daam2,Others
Snph,Others
Madd,Others
Arhgef17,C4
Cep170b,Others
Mfn2,C4
Scrib,C4
Usp8,Others
Nup214,Others
Ube3c,C5
Septin9,C4
Rab3gap1,Others
Sestd1,C4
Naa15,Others
Mogs,Others
Dgkz,Others
Ankrd13a,C4
Pgrmc2,C4
Fbxo2,C3
Carnmt1,Others
Sh3tc2,Others
Fam98b,Others
Trim56,Others
Tdrkh,Others
Tecpr1,Others
Epn1,Others
Aldh3b1,C5
Gstm7,C3
Thnsl2,Others
Wipi2,Others
Agfg2,Others
Lrrc8a,C5
Trim36,Others
Mtdh,Others
Vac14,Others
Col14a1,C4
Ubap2l,C6
Pelo,Others
C2cd2l,Others
Flnb,C4
Eif4g3,Others
Pip4k2b,Others
Bdh1,Others
Tbc1d5,Others
Atp2c1,Others
Glrx5,Others
Llgl1,Others
Elac2,Others
Ddhd2,C4
Ddhd1,Others
F12,Others
Aatk,Others
Bcas1,Others
Safb2,Others
Pank4,C5
Tnc,C5
Lrsam1,Others
Rap2a,C5
Zer1,Others
Mrps26,Others
Arl5a,Others
Them6,Others
Ddx42,Others
Ankfy1,Others
Nfasc,Others
Nrcam,Others
Dlg1,C4
Atpaf1,Others
Ubp1,Others
Mfn1,Others
Srgap3,Others
Pdk1,Others
Gatd1,C6
Gns,Others
Tufm,Others
Rnf214,Others
Pcid2,Others
Lpp,Others
Pef1,C3
Tnpo1,Others
Actbl2,Others
Erlin2,C4
Hnrnpa3,C6
Necab1,Others
Psmd11,Others
Katnb1,Others
Rhot1,Others
Sh3bgrl2,Others
Ppp1r12b,Others
Enoph1,Others
Htatsf1,Others
Zadh2,Others
Atg4b,Others
Ubash3b,Others
Samm50,Others
Reep1,Others
Vipas39,Others
Aars1,Others
Gskip,Others
Ublcp1,C3
Bola2,Others
Gpt2,Others
Phyhipl,Others
Ccny,Others
Timm29,Others
Cdc23,C4
Pck2,Others
Cnot10,Others
Tm9sf4,Others
C8b,C4
Wasf2,Others
Coro2b,Others
Thnsl1,C3
Wdr48,Others
Tiprl,C5
Slc25a12,Others
Gopc,Others
F13a1,C2
Ehd2,Others
Atl1,Others
Sephs1,Others
Nup107,Others
Ano10,Others
Dglucy,C1
Echs1,Others
Rcn3,C4
Rab39b,Others
Dcakd,C4
Ptbp3,Others
Pgs1,Others
Nrdc,C4
Czib,Others
Nipa1,C4
Tbc1d10b,Others
Elmo2,Others
Psmf1,Others
Ppm1l,C4
Ganab,C4
Armcx3,Others
Oscp1,C5
Cyria,Others
Mia3,Others
Frmd4a,C4
Rbfox3,Others
Comtd1,Others
Iars2,Others
Rufy1,Others
Dock9,C5
Dars2,Others
Cstf2,Others
Ranbp6,Others
Prune1,C1
Cox15,Others
Chdh,Others
Nup93,Others
Hmbox1,Others
Itih5,C4
Sun2,Others
Sgta,Others
Tspan9,Others
Eif2a,Others
Psmd5,Others
Miga2,C4
Tmem11,C4
Olfml3,Others
Csnk1a1,Others
Ahsa1,Others
Rcc2,C6
Mrps27,Others
Elp6,Others
Dusp29,Others
Ipo5,Others
Cyp20a1,Others
Baiap2,C4
Pdhx,Others
Ablim2,Others
Eea1,Others
Mblac2,C5
Srsf7,Others
Nceh1,Others
Lsamp,C5
Lss,C4
Cadm2,C5
Hif1an,Others
Tars3,Others
Hspa13,C4
Lhfpl6,Others
Srp68,C4
Slc25a24,Others
Dlat,Others
Rab3gap2,Others
Gga3,Others
Lars1,Others
Ckap4,C4
Qars1,Others
Acbd3,C6
Hadha,Others
Coq3,Others
Qsox1,C3
Armc6,Others
Kbtbd11,C3
Ncs1,C3
Acp6,Others
NARS1,Others
Metap1,C3
Rpl24,C6
Rcn2,Others
Efemp1,Others
Dmxl2,C5
Elmo1,Others
Cnpy4,Others
Bicd1,Others
Fam177a1,Others
NA,Others
Scfd1,C6
Arhgap19,Others
Prkaa2,Others
Cc2d1b,C4
Clasp2,Others
Gpr89,Others
Ppfia2,C4
Asph,Others
Cpne3,Others
Tcp11l1,Others
Ndrg4,Others
Srrm2,Others
Enpp4,C3
Flna,C2
Nup54,Others
Cfap20,Others
Tusc3,C3
Hsdl1,Others
Kyat1,C3
Scfd2,C4
Ankrd46,Others
Gmppb,Others
Iars1,Others
Ilvbl,C4
Mrpl22,Others
Hook3,C2
Dock1,Others
Gphn,C3
Timmdc1,Others
Cops7b,Others
Atp6v1h,C5
Pdcl3,Others
Dpp9,Others
Qdpr,Others
Stx16,C4
Snx17,Others
Ppme1,Others
Lrch3,C4
Nudt9,C3
Ganc,C3
Pomgnt2,Others
Maob,C5
Camk1d,Others
Synpo2l,C4
Aldh5a1,Others
Arrb1,C3
Ptges2,Others
B4gat1,Others
Vps35l,Others
Pithd1,Others
Acaa2,Others
Dip2a,C5
Osgep,Others
Pkn2,Others
Etf1,Others
Naa25,C3
Kank2,Others
Vps13c,Others
Osbpl2,Others
Golim4,Others
Commd2,Others
Agap1,Others
Osbpl6,Others
Tmx3,Others
Usp47,Others
Slc44a2,Others
Tbcd,Others
Poglut1,Others
Tbc1d17,C5
Lpcat2,Others
Fsd1l,Others
Stac3,Others
Dnm3,C1
Tigar,C1
Ppcdc,Others
Pgm5,Others
Dcun1d2,C5
Glmn,Others
Dock10,C4
Anapc2,C4
Nhlrc2,Others
Arhgef10,Others
Rps6ka5,Others
Map1s,Others
Strip1,Others
Farsa,Others
Efl1,C4
Vps26b,C4
Agps,C4
Tmx4,Others
Cog5,Others
Gpcpd1,C5
Asrgl1,Others
Coro2a,Others
Ppp4r4,Others
Fam234a,C4
Lnpep,Others
Exog,Others
Cpne1,Others
Prepl,Others
Cps1,C3
Thop1,C3
Camsap2,Others
Septin11,Others
Znf428,C6
Ccz1,Others
Washc5,C5
Rbm14,Others
Fam120c,C4
Pex5l,Others
Eri3,Others
Prr33,C4
Unc119b,Others
Aida,Others
Arhgap24,Others
Endod1,Others
Rae1,Others
Nadk2,Others
Grsf1,Others
Tbcel,Others
Septin10,Others
Rtkn,Others
Cfap36,Others
Cfap410,Others
Wdr26,Others
Vps52,Others
Crbn,Others
Stbd1,C3
Pcyox1l,Others
Uba6,C4
Emc1,C4
Myef2,Others
Itch,Others
Uba3,Others
Ank2,Others
Tsr2,Others
Ppfibp1,Others
Gan,C3
Pgm2l1,Others
Iba57,Others
Immt,Others
Acat2,C4
Cnst,C4
Wdr37,Others
Rnf170,C4
Abi1,Others
Dctn4,Others
Ttc19,Others
Synpo,Others
Naprt,C5
Vwa8,Others
Vps53,Others
Ufl1,C4
Macroh2a2,Others
Bcas3,Others
Pabpn1,Others
Krt222,Others
Lancl3,C3
Smoc2,Others
Inpp5f,Others
Vcpip1,Others
Ston1,Others
Fhip2a,Others
Txnl1,C3
Acp3,Others
Map2k7,Others
Nup88,Others
Tab1,C4
Scyl2,Others
Nedd4l,Others
Cdc34,C3
Polr2b,Others
H6pd,Others
Adprs,Others
Akr7a2,Others
Ppm1f,Others
Uaca,C4
Tns2,C5
Eprs1,Others
Wdr47,C4
Tcerg1,C6
Lonp1,Others
Plin1,C4
Calcoco1,C3
Unc45b,Others
Ogt,C4
Cherp,Others
Ccar1,Others
Sltm,Others
Trim32,Others
Synj1,Others
Gcc2,C2
Septin8,Others
Mboat7,C4
Pgp,Others
Dhrs7c,Others
Aldh4a1,Others
Epn2,Others
Eif2b5,Others
Cog3,Others
Smtnl2,Others
Bag5,Others
Myl6b,Others
Pdlim5,Others
Steap3,C4
Lrrc20,Others
Vps50,Others
Dis3l2,Others
Pygb,Others
Fermt2,Others
Copa,Others
Btd,Others
Prmt5,Others
Pak2,Others
Dock3,Others
Tbce,Others
Vwf,Others
Mical3,Others
Nradd,Others
Trip10,Others
Ago2,Others
Plxnb1,Others
Hmgcs1,C2
Acad9,Others
Rhot2,Others
Afg3l2,Others
Eif3b,C6
Lin7a,Others
Slc25a1,C4
Amdhd2,Others
Bdh2,Others
Oplah,C5
Bclaf1,Others
Cyp51a1,C4
Gmds,Others
Gfm1,Others
Fgb,C3
Eipr1,Others
Phyhip,Others
Rtn1,Others
Katnal1,Others
Hspa12a,Others
Taco1,Others
Galm,C3
C8a,Others
Pdxk,C3
Cc2d1a,Others
Fermt3,C2
Stx5,Others
Alkbh3,Others
Evc2,Others
Tdrd7,Others
Wipf1,Others
Trnt1,Others
Ppp1r11,C3
Dnm1l,Others
Pnpla8,Others
Pnpt1,Others
Nek9,Others
Wdr11,Others
Coq9,Others
Pacs1,Others
Lyrm4,C3
Uvrag,Others
Abcf3,C3
Fn3krp,Others
Colgalt1,C4
Gulp1,C4
Sdha,Others
Sirt5,C3
Os9,Others
Hacd3,Others
Lsm14a,Others
Otud6b,Others
Fntb,Others
Fmo2,Others
Agfg1,Others
Commd9,Others
Brox,Others
Shtn1,Others
Matr3,C6
Cbr3,Others
Pigu,Others
Acad10,Others
Lzic,Others
Appl2,Others
Appl1,Others
Ndufs8,Others
Optn,Others
Irf2bpl,Others
Stxbp5,Others
Lgi3,C1
Pitrm1,Others
Abca8b,C4
Abca6,Others
Abca9,C4
Ltbp4,Others
Ablim1,Others
Arhgef6,Others
Svil,Others
Hecw1,Others
Rptor,Others
Pitpnc1,Others
Agpat4,Others
Lgi2,C3
Naxe,Others
Sf3a1,C6
Dcaf8,Others
Gpt,C5
Hibch,Others
Acat1,Others
Eif3l,Others
Sf3b4,Others
Mapre2,Others
Aimp2,Others
Blmh,Others
Gspt1,Others
Gale,Others
Hnrnpl,C6
Suox,Others
Kiaa0513,Others
Fahd1,Others
Nup133,Others
Gga1,Others
Aamdc,Others
Iqsec1,Others
Sgpl1,C4
Aldh1l1,Others
Vps37c,Others
Serpina10,Others
Flad1,C5
Sccpdh,C4
Apeh,Others
Znfx1,Others
Bphl,Others
Ero1a,Others
Dock7,Others
Eif3c,C6
Niban2,C5
Hid1,Others
Cmbl,C5
Uqcr10,Others
Phykpl,C1
Nudcd3,Others
Dync1li1,Others
Stard7,Others
Coq6,Others
Cog4,Others
Tmed4,Others
Spart,Others
Art3,C5
Phospho1,Others
Cd177,C6
Seh1l,Others
Ntmt1,Others
Nudt4,Others
Abhd6,Others
Mcam,Others
Ptrh2,C4
Vwa1,Others
Vps18,Others
Tmcc3,C4
Ubqln1,Others
Pspc1,C6
Nup58,Others
Cdc16,C4
Rab11fip5,Others
Igsf8,Others
Plcd1,Others
Tbc1d13,Others
Hs2st1,Others
Mboat2,C4
Cog6,Others
Aspa,Others
Ppp6r2,Others
Mix23,Others
Exoc1,Others
Stxbp6,Others
Plaat3,Others
Sh3glb2,Others
Cacnb1,C5
Micos13,Others
Atp2a1,Others
Cadm4,Others
Nup85,Others
Rufy2,C3
Myoz3,Others
Purg,C3
Arhgef12,Others
Clybl,Others
Nup35,Others
Luzp1,Others
Dusp15,C1
Rbm12,C6
Stab1,Others
Lrrc8c,C5
Sh3kbp1,Others
Snap47,Others
Prpsap2,Others
Tbc1d22a,Others
Actr1b,C4
Usp15,Others
Vps39,C4
Cadm1,Others
Tmx1,C4
Aspscr1,C4
Exosc2,Others
Cops8,Others
Nae1,Others
Mpdz,C4
Camkk1,Others
Clptm1,Others
Eml3,C4
Tkfc,Others
Ccdc9,Others
Gca,Others
Plekha4,C4
Scrn2,C3
Reep2,Others
C8g,Others
Dhcr24,C2
Ubxn4,Others
Pex19,Others
Fgg,C3
Ncln,Others
Cd99,Others
Tbcc,Others
Abhd14b,Others
Mylk2,Others
Pglyrp2,Others
Rnpep,Others
Ces1d,Others
Acsf2,Others
Gripap1,Others
Tmem143,Others
Sgtb,Others
Bles03,Others
Pik3r4,Others
Abhd4,Others
Hip1,Others
Fyco1,Others
Myh9,Others
Washc1,Others
Ppcs,Others
Ubac1,Others
Hdlbp,Others
Nit1,Others
Adpgk,C2
Psmd2,Others
Hnrnpul1,C6
Atp1a1,Others
Ccdc92,Others
Mical1,Others
Ccar2,Others
Cdipt,Others
Ptgr2,Others
Sirt2,Others
Rprd1a,C4
Ttc39c,C4
Mtmr6,Others
Mios,Others
Mrps23,Others
Gdap1l1,C5
Rcc1,Others
Uba5,Others
Paip1,Others
Pdcd10,Others
Fam114a2,C4
Srsf4,Others
Lgalsl,Others
Lmcd1,Others
Rpa1,Others
Arl8a,Others
Epm2aip1,C3
Vps4a,Others
Tmem30a,Others
Hnrnpu,C6
Slc25a3,C4
Rbm39,C6
Sec63,Others
Agap3,Others
Mark1,Others
Caskin2,Others
Setd7,Others
Nudt16l1,Others
Acot11,Others
Flnc,Others
Cspg4,Others
Pxn,C3
Ipo4,C5
Sfpq,C6
Irgq,Others
Ciapin1,Others
Impa2,Others
Acot7,Others
Abca7,Others
Nrbp2,Others
Rab14,C4
Sfxn3,Others
Isoc1,Others
NA,Others
Acly,Others
Poldip2,Others
Eif4a3,Others
Ndufs1,Others
Slc27a4,C4
Hnmt,C5
Snx9,C4
Memo1,Others
Rnh1,Others
Cavin3,Others
Stk38,Others
Bzw2,Others
Itm2c,Others
Wdr45,Others
Ppa2,Others
Chchd6,C3
Atp5f1c,Others
Ddx1,Others
Map1lc3a,Others
Brk1,Others
Farp2,C4
Cbr4,Others
Fam3c,Others
Sh3bgrl3,Others
Golga4,Others
Smap1,Others
Rusf1,C4
Csde1,Others
Golga7,Others
Fbxl15,Others
Vps11,Others
Man2c1,Others
Txndc5,C2
Cdc42ep1,Others
Setd3,Others
Acsl6,Others
Ndufs2,Others
Rabep2,Others
Elp2,Others
Prkag2,Others
Dgkg,Others
Fubp1,C6
Lrrfip2,Others
Spryd4,Others
Eif3h,C6
Gcsh,C3
Dnajc9,Others
Serpina3n,C1
Yars1,C3
Cisd1,Others
As3mt,C4
Sh3d19,C4
Dcxr,Others
Hpx,Others
Crtc3,Others
Qprt,Others
Rabif,Others
Ncald,C3
Lims2,C5
Vps36,Others
Creld1,Others
Acy3,Others
Pnpo,Others
Dus3l,Others
Osbpl1a,Others
Dlg2,Others
Pip4k2c,Others
Basp1,Others
Aldob,C3
Wasl,Others
Ipo9,C4
Synpo2,C4
Atl3,C4
Asl,Others
Arrb2,Others
Snx4,C4
Thyn1,C3
Rnf126,Others
Uckl1,Others
Arhgap35,Others
Tbrg4,Others
Uap1,Others
Bag2,Others
L2hgdh,Others
Nln,C3
Rpn1,C4
Twf1,C4
EEF1AKNMT,Others
Ptgr1,C6
Camk1,Others
Ndufv1,Others
Dnajc3,Others
Ptbp2,Others
Ttc1,Others
Grhpr,C1
Diras1,Others
Srgap2,Others
Myh7,Others
Pcca,Others
Ugp2,Others
Sh2b1,Others
Lpin1,Others
Rab4b,C2
Snx18,C4
Dst,Others
Smarca5,Others
Lrp1,C4
Sncb,Others
Scpep1,Others
Supt16h,Others
Fdps,C2
Wdr7,Others
Fads1,Others
Coro6,C1
Ak5,Others
Vps16,Others
Msi2,Others
Ivns1abp,C4
Als2,Others
Gjc3,Others
Rab31,C4
Tardbp,C6
Hnrnpll,Others
Etfdh,Others
Tubgcp2,Others
Acaa1a,C4
Tf,Others
Rheb,Others
Cog2,Others
Sf3b3,Others
Golga2,C6
Cyrib,Others
Mrpl37,Others
Tor1aip1,Others
Smtn,Others
Cryzl1,C4
Macrod1,Others
Dars1,Others
Itprid2,Others
Ppp6r3,Others
Mthfd1,C4
Pcyt2,C4
Tubb6,C4
Prmt3,Others
Pdk3,C3
Gmppa,Others
Clip1,C3
Far1,C4
Glyr1,C6
Mtarc2,Others
Pycr2,Others
Lrrc59,C6
Chid1,Others
Phaf1,Others
Pdia6,C2
Krt5,Others
Plrg1,Others
Ubxn1,Others
Ggact,Others
Steap4,Others
Blvrb,C2
Polr2h,Others
Stard13,Others
Camk2g,Others
Xpo5,Others
Rtn4ip1,Others
Letmd1,Others
Mpi,C1
Rnf31,Others
Cpt1b,Others
Cers2,C4
Atad3,Others
Taldo1,Others
Hnrnpab,C6
Myo5a,Others
Sec14l2,Others
Wdr77,Others
Thumpd1,Others
Mlycd,Others
Nrbp1,Others
Dhrs7b,C4
Nans,Others
Atg5,Others
Mpst,Others
Calca,Others
Stoml2,Others
Pacsin3,C1
Mvd,C4
Psip1,Others
Psmd6,Others
Rap1b,Others
Cdc26,Others
Ggt7,Others
Sfxn1,C4
Tinagl1,C3
Adi1,C3
Acy1,Others
Lims1,Others
Gorasp2,Others
Eif3m,Others
Hadhb,Others
Gimap4,Others
Plpp3,Others
Actr3,Others
Pdxdc1,Others
Ufsp2,Others
Arfgap2,Others
Emilin1,Others
Nono,C6
Pls3,C5
Rragc,C4
Psat1,C4
Hagh,Others
Vwa5a,Others
Unc45a,Others
Me2,Others
Stk24,Others
Aco2,Others
Emc3,Others
Dctn2,Others
Cmas,Others
Dpp3,C5
Clint1,Others
Cryl1,Others
Prpf19,C6
Nampt,Others
Lactb2,C3
Vmp1,Others
Dnajb11,C6
Triobp,Others
Itfg1,Others
Gak,Others
Dhrs1,Others
Hibadh,Others
Gstt3,Others
Cds2,Others
Eif2s2,C6
St13,Others
Sntb1,C1
Dhrs4,Others
Mat2b,Others
Sardh,Others
Ndufa10,Others
Etfa,Others
Gps1,C5
Ddah2,Others
Eif2b2,Others
Abcf2,Others
Rtcb,C6
Tnpo2,C5
Ttc5,Others
Ptdss1,Others
Cstf3,Others
Hgs,Others
Fuca1,Others
Dohh,Others
Grpel1,Others
Abhd12,Others
Psph,Others
Park7,C3
Ndufs5,Others
Rnps1,C6
Hspa14,Others
Nck1,Others
Epdr1,C6
Dnaja3,Others
Erc1,C4
Grk2,Others
Kars1,C6
Pccb,Others
Brap,Others
Aspn,C5
Slc12a9,C4
Srrt,Others
Mccc1,Others
Ppp1r3a,Others
Cadm3,Others
Sytl2,Others
Acss1,Others
Ubqln4,Others
Sf3b1,C6
Ankrd17,Others
Hspbp1,Others
Rtn4,C4
Nup155,Others
Ogfr,Others
Rrbp1,C2
Ubxn6,Others
Trim16,Others
Hspb2,C4
Arhgdia,Others
Acsbg1,Others
Dhx30,Others
Prpf8,Others
Ndufa5,Others
Tomm22,Others
Atp5mg,C4
Rpl17,C6
Sike1,Others
Hint3,Others
Mydgf,Others
Glo1,Others
Mgst3,C4
Glod4,Others
Cntnap2,C5
Arpc5,C6
Atg3,C4
Lap3,Others
Mrpl24,Others
Myl9,C4
Lamtor1,C4
Stambp,Others
Mrpl49,Others
Nenf,Others
Nudcd2,Others
Ndufc2,Others
Use1,Others
Pgls,Others
Decr1,Others
Mtap,Others
Uqcrq,Others
Ndufa2,C4
Txndc9,Others
Ndufa3,Others
Sdhb,Others
Chchd1,Others
Cisd2,Others
Bzw1,Others
Ndufb4,Others
Rab5a,Others
Nipsnap3b,Others
Rgs10,C6
RTRAF,Others
Nudt21,C6
Pcyox1,Others
Chac2,Others
Ndufb5,Others
Btf3l4,C6
Gmfb,Others
Med30,Others
Denr,C3
Ndufb9,Others
Mrpl18,Others
Txndc17,Others
Glrx3,Others
Trap1,Others
Atp5pb,Others
Ppp6c,Others
Mri1,Others
Txndc12,Others
Rer1,Others
Map1lc3b,Others
Ywhab,Others
Ykt6,C4
Arl8b,C6
Ifitm3,C4
Cyb5b,C4
Mrps36,Others
Ramac,Others
Magt1,Others
Uqcc2,C3
Ndufa6,Others
Psmd9,Others
Ufc1,Others
Ppid,Others
Ier3ip1,Others
Ndufab1,Others
Vta1,Others
Ccdc43,Others
Wdr45b,Others
Hypk,Others
Atp6v1g1,Others
Rpl14,C6
Ndufb7,Others
Slc25a11,C4
Tmem167a,Others
Tmem33,C4
Uqcrfs1,Others
Necap1,Others
Fam136a,Others
Golph3,Others
Dmac2l,Others
Tppp3,Others
Mtfp1,Others
Chchd3,Others
Borcs7,Others
Lrrc40,Others
Gnpda2,C3
Ociad1,C4
Emc2,C6
Xpot,Others
Gdpd1,Others
Prps2,Others
Filip1,C4
Dis3,Others
Rprd1b,C6
Rhobtb3,C4
Micu3,Others
Smc1a,C6
MINDY3,C3
Arpc2,Others
Smc3,Others
Mtfr1l,Others
Tubb2b,Others
Ndufaf7,Others
Atic,Others
Snx2,Others
Mospd2,C4
Ddah1,Others
Uqcc1,C3
Rbm8a,Others
Napg,C3
Sugt1,Others
Psmd8,Others
Cygb,Others
Hnrnpa0,C6
L3hypdh,C4
Tmed5,Others
Tbc1d15,Others
Coq5,Others
Manf,C6
Abcb8,C5
Dhrs7,Others
Cenpv,Others
Pmpcb,Others
Mrps22,Others
Cacybp,Others
Rpl11,C6
Ilf2,Others
Pigk,Others
Ndufs4,Others
Snx7,C4
Tecr,C4
Eef1akmt1,Others
Ssr1,C4
Serbp1,C6
Blvra,C3
Creld2,C6
Tomm34,Others
Prxl2a,Others
NA,Others
Spcs2,Others
Atp6ap2,Others
Ssbp1,C3
Pgm3,C5
Cap2,C5
Tpd52l2,C2
Cops7a,Others
Uqcrc1,Others
Snf8,Others
Ola1,C5
Naxd,Others
Nsfl1c,Others
Nde1,Others
Sdhc,Others
Scrn1,Others
Gars1,C3
Commd8,Others
Hspa12b,C4
Rpl15,Others
Shmt2,C2
Bcs1l,C4
Naalad2,Others
Tsfm,Others
Mtrex,Others
Cs,Others
Acsl3,Others
Tomm70,Others
Elp3,Others
Rps19,C6
Emc4,C4
Ube2v1,Others
Nt5c3a,Others
Mpc2,C4
Ccdc47,Others
Pdhb,Others
Acbd6,Others
Mms19,Others
Arpin,Others
Srsf9,C2
Pbdc1,C3
Hnrnpm,C6
Lman1,C4
Pgm1,C5
Rars1,Others
Arl2,Others
Oxct1,Others
Armc10,C4
Rnmt,C3
Exosc7,Others
Prpsap1,Others
Cyc1,Others
Dynll2,Others
Tars1,Others
Lsm12,Others
Hint2,Others
Snu13,C6
Serpinb1a,Others
Gatd3a,Others
Ciao2b,Others
Cndp2,Others
Vps28,Others
Tmed10,Others
Tbcb,Others
Akt1s1,Others
Rab1b,C4
Hhatl,C5
Lrrc57,C3
Get4,Others
Card19,Others
Mcee,Others
Necap2,C4
Atp6v1f,C3
NA,Others
Chchd2,C4
Lamtor5,C6
Sec13,C2
Eef1e1,C6
Mrpl21,Others
Chordc1,Others
Erp44,Others
Tmem126b,Others
Nol3,Others
Mmab,Others
Fam114a1,C4
Bcas2,C6
Dlst,Others
Dtna,C1
Vps33a,Others
Urm1,Others
Aacs,C4
Coa3,Others
Naa38,Others
Coro7,C6
Mfsd10,Others
Tmem35a,Others
Acp1,Others
Ephx1,C5
Rufy3,Others
Atp5f1d,Others
Plgrkt,C4
Oxsm,Others
Cmip,Others
Tubgcp4,Others
Exoc2,Others
Cul2,Others
Efhd1,C4
Agpat3,Others
Sf3a3,Others
Shpk,C5
Atad1,C4
Cul5,C5
Sec23b,Others
Sun1,Others
Tubb4a,Others
Cmtm5,Others
Ndufb8,Others
Ndufv2,Others
Synj2bp,Others
Ppil3,C3
Slc25a22,Others
Idh3a,Others
Mrrf,Others
Fam162a,Others
Msra,Others
Gbe1,C5
Nop56,Others
Rpap3,C4
Tmx2,C3
Pir,C3
Klhl40,Others
Srp19,C6
Acad8,Others
Gpx8,C4
NA,Others
Prps1,Others
RtcA,Others
Cox20,Others
Gid8,Others
Apmap,Others
Iscu,Others
Chmp5,Others
Naaa,Others
Dusp3,Others
Ggct,Others
Ppa1,Others
Prorsd1,Others
Dnajb4,C1
Uqcrb,Others
Timm50,C4
Itpa,Others
Arpc5l,Others
Chmp4b,Others
Ndufa11,Others
Jam3,C1
Rpl4,C4
Ccdc91,C3
Eef1g,C6
Arfgap3,Others
Rexo2,C3
Bola1,Others
Snx5,C4
Sec11c,Others
Psmd12,Others
Cutc,Others
Ccdc124,Others
Efhd2,Others
Tmem126a,Others
Atg7,Others
Borcs5,Others
Spcs1,C4
Gatm,C4
Mdp1,Others
Echdc1,Others
Ift22,Others
Dcps,Others
Gng12,C3
Cnpy3,Others
Prpf4,Others
Cnn3,C4
Zfyve19,Others
Napa,C5
Mrpl12,Others
Cab39l,Others
Atp5po,Others
Alg5,C4
Mcts1,Others
Iah1,Others
Haghl,C3
Chmp2a,Others
Ap1s2,Others
Prxl2b,Others
Cyb5r1,Others
Uqcrc2,Others
Dhdh,C1
Cpn2,Others
Selenoo,Others
Cmtr1,Others
Prkar1a,Others
Ica,Others
Pelp1,C4
Csad,C4
Alg2,Others
Aldh7a1,Others
Ap2b1,C4
Plin3,Others
Rpn2,C4
Srpra,Others
Tax1bp3,Others
Lman2,C4
Pgam1,Others
Acadsb,Others
Coasy,C4
Lonp2,Others
Cmpk1,Others
Xrn2,Others
Armc8,Others
Ppp1r12a,Others
Tmem43,Others
Klc4,Others
Osbpl3,Others
Ampd2,Others
Mxra8,Others
Rgcc,C3
Susd2,C1
Ikbip,C4
Eif3k,Others
Rgs3,Others
Nebl,Others
Plxdc2,Others
Ergic1,C4
Dnajc10,Others
Abcb6,Others
Crot,Others
Gnai3,Others
Fbxo3,Others
Ndufa9,Others
Ndufs7,Others
Isca2,Others
Pycr3,C4
Pgd,C4
Trmt112,Others
Eif3f,C6
Mlst8,Others
Ndufa8,Others
Npl,Others
Ppp1r2,Others
Paics,Others
Ethe1,Others
Gstk1,Others
Nudt12,Others
Cyb5r3,C4
Mecr,Others
Ndufb10,Others
Akr1e2,C3
Ndufs3,Others
Sdf2,Others
Crip2,Others
Pllp,Others
Mrpl4,Others
Rmdn1,Others
Etfb,Others
Atp5pd,Others
Gmpr,C5
Apoo,Others
Rab13,Others
Sacm1l,C4
Rai14,Others
Emc7,Others
Lactb,C4
Pycard,C6
Serhl,Others
Parva,Others
Atp13a1,Others
Sil1,C4
Xpo7,Others
Clstn1,C4
Ipo7,Others
Acox3,Others
Sync,Others
Nbea,Others
Stard5,Others
Sorcs2,C4
Upf1,C6
Inpp4a,Others
Papln,C3
Hsd17b11,Others
Aldh6a1,Others
Nif3l1,C3
Scyl1,Others
Dpysl5,Others
Cert1,Others
Erap1,Others
Vps35,C4
Mrpl46,Others
Magi3,Others
Mvp,C4
Tsc22d4,Others
Ehd4,Others
Oga,Others
Mycbp,Others
Set,C6
Kif13a,Others
Aif1l,Others
Stx12,C4
Tmprss5,Others
Fn3k,Others
Spock2,Others
Cars1,Others
Dap3,Others
Tfcp2,Others
Snap29,Others
Tubb3,Others
Mesd,Others
Wdr61,Others
Lima1,Others
Strn3,Others
Rdh14,Others
Cse1l,Others
Ndel1,Others
Selenof,Others
Ndufa13,Others
Ranbp2,Others
Ube4b,Others
Arhgef7,Others
Ube3b,C5
Trappc4,Others
Nek7,Others
Extl2,Others
Rtn3,Others
Hrg,Others
Dysf,C3
Nckipsd,Others
Map3k20,C5
Trim2,Others
Mapk8ip3,C4
Anp32b,C6
Agk,C4
Dkc1,Others
Gtf2i,C4
Pygl,Others
Dpp7,Others
Tm9sf3,C4
Palld,Others
Jph2,Others
Jph1,Others
Cpb2,C3
Copz2,C4
Ivd,Others
Tmod3,Others
Rabggta,C5
Slc9a3r2,Others
Lztfl1,Others
Ide,Others
Lamtor2,C2
Palmd,Others
Dync1h1,Others
Isyna1,Others
Nit2,Others
Eefsec,Others
Stk3,C4
Nudt3,Others
Nqo2,C3
Ngly1,Others
Rnf14,C3
Actn2,Others
Lgi1,C5
Prmt1,Others
Copb1,C4
Myot,Others
Ccdc22,Others
Dazap1,C6
Akr1a1,C3
Ddx21,C2
Diablo,Others
Slc12a4,Others
Ralb,Others
Acin1,C6
Htra2,Others
Plscr3,Others
Flii,Others
Abcb9,C3
Rilpl1,Others
Rnase4,C5
Rpl38,Others
Lancl2,Others
Sars2,Others
Tmem9b,Others
Sh3bgrl,Others
Pfn2,Others
Myoz2,Others
P2rx4,Others
Tuba8,C4
Myoz1,C4
Pdk2,Others
Sh3glb1,C2
Prelp,Others
Myg1,C3
Hspb8,Others
Uchl3,Others
Ybx3,C4
Ap3m1,Others
Iqgap1,C4
Mrpl39,Others
Stx6,C4
Tmod2,Others
Tesc,Others
Hyou1,C6
Ldb3,Others
Habp4,Others
Adrm1,C3
Nudt5,Others
Hip1r,Others
Slc5a3,Others
Fmn2,Others
Lgals8,Others
Fmnl1,Others
Gde1,Others
Gltp,Others
Pals2,Others
Pals1,Others
Sorcs1,Others
Sacs,C3
Tmod4,Others
Scly,Others
Sart3,Others
Aldh9a1,Others
Cabp1,Others
Dclk1,Others
Mtor,Others
Cd2ap,Others
Txnrd2,Others
Bag3,Others
Cul3,Others
Pnkp,Others
Dusp14,Others
Auh,Others
Rabgef1,Others
Nt5c,Others
Mink1,Others
Reep6,C4
Arpc3,Others
Cdc42ep4,C3
Usp14,Others
Dnaja4,C5
Znf207,C6
Stard10,Others
Ap3b2,Others
Trappc2l,Others
Hdgfl3,Others
Neu2,Others
Txnrd1,Others
Myo18a,Others
Glrx,C3
Rhoa,C4
Acsl4,Others
Psma6,Others
Hapln1,Others
Prep,Others
Pin1,Others
Sema7a,Others
Naga,Others
Asap1,Others
Cyth1,Others
Son,Others
Dguok,Others
Drg2,Others
Fetub,C3
Fbp1,C3
Limd1,C4
Tbl1x,Others
Gnmt,C3
Acss2,Others
Copg2,C6
Kif21a,Others
Plec,Others
Dbn1,Others
Cnpy2,Others
Pcsk1n,Others
Slc25a13,C4
Ehd3,Others
Macf1,Others
Naa10,Others
Plxnb3,Others
Vapb,Others
Tomm40,C4
Clic4,Others
Add3,Others
Add2,Others
Add1,Others
Golga5,Others
Plekhb1,C3
Rdh11,C4
Ndrg3,Others
Ndrg2,Others
Maged1,Others
Dnajc7,Others
Dnajb12,C4
Dnaja2,Others
Dnajb1,Others
Map1a,Others
Qki,C4
Gab1,Others
Tollip,Others
Nagk,Others
Nfu1,Others
Tnnt3,Others
Dcun1d1,C4
Vps29,Others
Actr10,C5
Dctn5,Others
Slc25a10,C4
Eif3i,C6
Copg1,C4
Tsnax,Others
Gpc1,Others
Serinc3,C4
Ubqln2,Others
Fbxo6,Others
Afdn,Others
Macroh2a1,Others
Rnf25,Others
Numb,Others
Dpt,Others
Mvk,C4
Amfr,Others
Nubp2,C6
Gyg1,Others
Bcam,Others
Gpc6,Others
Hgfac,Others
Tbl2,C4
Pex14,Others
Clcn2,C5
Lamc3,C3
Plod2,Others
Wdr54,Others
Plod3,C4
Comp,Others
Acox1,Others
Atp2b2,C5
Tpk1,Others
Rab9a,Others
Galk1,Others
Syt11,Others
Esd,Others
Smap,Others
Dstn,Others
Sec11a,C4
Uchl1,Others
Tmed2,Others
Arpc1a,Others
Ptges3,C6
Srsf10,C6
Acot9,Others
Ak1,Others
Gda,C6
Sqor,Others
Mta2,Others
Dgke,Others
Nsdhl,C4
Mast1,Others
Psma4,C6
Psmb3,Others
Psmb2,Others
Psma1,C6
Tagln3,Others
Atp6ap1,C3
Trim3,Others
Sae1,Others
Septin6,Others
Adam11,C3
Adam22,C5
Adam23,C5
Pts,Others
Sorbs3,Others
Myo1c,Others
Nfkb2,C4
Lypla2,Others
Ruvbl2,Others
Ak2,Others
Ak3,Others
Akap12,Others
Timm23,Others
Trpv2,Others
Cdh13,Others
Fut8,C4
Atp6v1g2,Others
Prkra,Others
Skp1,Others
Cul1,Others
Mad1l1,Others
Pfdn5,Others
Hebp2,Others
Pdcd6ip,Others
Prodh,Others
Farsb,C3
Pfkp,Others
Akt3,C4
Pygm,Others
Stub1,Others
Eif4h,Others
Arl3,Others
Coro1b,C4
Coro1c,Others
Suclg1,Others
Tbk1,Others
Srd5a3,Others
Uchl5,Others
Preb,Others
Eci2,Others
Ctsz,C4
Tnni1,Others
Sh3bgr,Others
Ankrd2,Others
Gabbr1,Others
Arpc1b,C4
Mpp2,Others
Apobec2,Others
Asah1,Others
Vapa,Others
Gsk3b,Others
Dmtn,Others
Snx1,Others
Nme3,C4
Ptgfrn,C4
Epb41l3,Others
Timm10b,Others
Timm9,Others
Bub3,C6
Tagln2,C6
Cav2,Others
Pacsin2,Others
Carm1,Others
Fbln5,Others
Psmd13,Others
Cpq,Others
Crybb1,Others
Efemp2,Others
Ehd1,Others
Gstz1,Others
Stat2,Others
Magi2,Others
Apip,Others
Fxr2,C6
Ncdn,Others
Gbp2,Others
Sncg,Others
Adam17,Others
Gipc1,Others
Celf2,C4
Clip2,Others
Npc2,C4
Reck,Others
Lipa,Others
Palm,Others
Twf2,Others
Itsn1,Others
Itsn2,Others
Bpnt1,Others
Tjp2,Others
Ngfr,Others
Aifm1,Others
Dctn3,Others
Stau1,Others
Aldh18a1,C6
Slc7a5,Others
Hnrnpdl,Others
Cpne6,Others
Cog1,Others
Plcb1,C5
Eif3g,C6
Gys1,Others
Uba2,Others
Atp6v1c1,C5
Atp6v0a1,Others
Nfs1,C3
Arih1,Others
P2rx7,C5
Ik,C6
Ddx39b,Others
Abhd16a,Others
Clic1,C6
Vars1,Others
Bag6,Others
Septin3,Others
Ap3b1,C4
Thbs4,C3
Stk39,Others
Ilf3,Others
Trip6,Others
Uso1,C6
Strap,Others
Hnrnpc,C6
Dpp6,Others
Mocs2,Others
Fkbp9,C4
Snapin,C6
Pdpk1,Others
Ate1,Others
Mtmr1,Others
Mtm1,C5
Mtmr7,C3
Mtmr9,C5
Mtmr2,C5
Gsdme,Others
Mecp2,Others
Sel1l,Others
Htatip2,Others
Rgs6,C5
Epb41l1,Others
Letm1,Others
Fkbp1b,Others
Suclg2,Others
Sucla2,Others
Crlf3,C6
Pmm2,C3
Actl6a,C6
Vamp5,Others
Mrpl40,Others
Septin5,Others
Psma7,Others
Psma5,C6
Pck1,Others
Hdac6,C5
Dnpep,Others
Hnrnpf,C6
Psmd10,Others
Homer1,Others
Plpbp,Others
Slc25a20,Others
Top3b,Others