LSC,DRG,SCN,paw
A2m,Aaas,Aacs,Aak1
Aaas,Aacs,Aak1,Aars1
Aacs,Aagab,Aamdc,Abcc3
Aak1,Aak1,Aars1,Abcd3
Aamdc,Aamdc,Aatk,Abhd10
Aars1,Aars1,Abcb1a,Abhd12
Aatk,Aasdhppt,Abcd3,Abi1
Abat,Aatk,Abcf1,Ablim1
Abca5,Abat,Abcf2,Ablim2
Abca7,Abca3,Abcf3,Abr
Abcb1a,Abca6,Abhd10,Acaa1a
Abcb7,Abca7,Abhd12,Acaa2
Abcb8,Abca8a,Abi1,Acaca
Abcb9,Abcb11,Abi1,Acacb
Abcc5,Abcb1a,Abi2,Acadm
Abcd2,Abcb9,Abl2,Acadvl
Abcd3,Abcc10,Ablim1,Acat1
Abce1,Abcc5,Ablim1,Acbd5
Abcf1,Abcd1,Ablim2,Acin1
Abcf2,Abcd2,Ablim3,Acly
Abcf3,Abcd3,Abr,Aco1
Abcg2,Abcd4,Abr,Aco2
Abhd10,Abce1,Abraxas2,Acot1
Abhd12,Abcf1,Abtb2,Acot9
Abhd16a,Abcf2,Acaca,Acp1
Abhd6,Abcf3,Acaca,Acss1
Abi1,Abcg2,Acacb,Acta1
Abi2,Abhd10,Acad9,Actb
Abl2,Abhd12,Acadvl,Actbl2
Ablim1,Abhd13,Acap2,Actn1
Ablim2,Abhd2,Acat2,Actn4
Ablim3,Abhd6,Acbd5,Actr10
Abr,Abi1,Acbd6,Actr2
Abraxas2,Abi2,Acin1,Actr5
Abtb2,Abl2,Acly,Add1
Acaa2,Ablim1,Aco2,Add2
Acaca,Ablim2,Acot7,Add3
Acacb,Ablim3,Acot9,Adgrg4
Acad8,Abr,Acox1,Adh1
Acad9,Abraxas2,Acp1,Adh7
Acadl,Abtb2,Acrbp,Adipoq
Acadm,Acaa1a,Acsl4,Adnp
Acads,Acaa2,Acss2,Adsl
Acadsb,Acaca,Acta1,Afdn
Acadvl,Acacb,Acta1,Agap3
Acan,Acadl,Actb,Agfg1
Acap2,Acadm,Actbl2,Agfg2
Acat1,Acadsb,Actn4,Agtpbp1
Acat2,Acadvl,Actr10,Ahctf1
Acbd3,Acap2,Actr2,Ahcy
Acbd5,Acat1,Actr3,Ahcyl1
Acbd6,Acat2,Acyp2,Ahsa1
Acin1,Acbd3,Ada,Ahsa2
Acly,Acbd5,Adam22,Aip
Aco1,Acbd6,Add1,Ak2
Aco2,Acin1,Add1,Ak3
Acot1,Acly,Add2,Akap12
Acot10,Aco1,Add3,Akap13
Acot11,Aco2,Adh1,Akap2
Acot13,Acot1,Adh5,Alb
Acot7,Acot13,Adk,Aldh1a2
Acot8,Acot7,Adprh,Aldh3a1
Acot9,Acot9,Adsl,Aldoa
Acp1,Acox1,Adss2,Alkbh3
Acrbp,Acox3,Afdn,Alox12b
Acsbg1,Acp1,Afg3l2,Aloxe3
Acsf2,Acrbp,Aftph,Alyref
Acsf3,Acsbg1,Ag2,Ampd2
Acsl3,Acsf3,Agap1,Amph
Acsl4,Acsl3,Agap1,Ank1
Acsl6,Acsl4,Agap3,Ank2
Acss2,Acsl6,Agfg1,Ank3
Acta1,Acss2,Agfg2,Ankle2
Actb,Acta1,Agtpbp1,Ankrd13d
Actbl2,Actb,Ahcy,Ankrd17
Actn4,Actbl2,Ahcyl1,Anp32a
Actr10,Actl6a,Ahsa1,Anp32b
Actr1a,Actn1,Ahsa2,Anp32e
Actr2,Actn4,Aifm3,Anxa1
Actr3,Actr10,Aip,Anxa11
Acyp1,Actr1a,Ak1,Anxa2
Acyp2,Actr2,Ak2,Anxa3
Ada,Actr3,Akap10,Anxa4
Adam22,Acvr1b,Akap12,Anxa5
Adam23,Acyp1,Akap13,Anxa6
Adam28,Adam10,Akap17b,Anxa7
Adamts12,Adam17,Akr1c6,Anxa8
Adamts18,Adam22,Akr7a2,Aox1
Adap2,Adamts19,Akt1,Ap2a2
Adar,Adamts20,Akt2,Ap2b1
Adcy9,Adar,Akt2,Ap2m1
Adcyap1r1,Adcy9,Akt3,Ap3b1
Add1,Add1,Alad,Ap3b2
Add2,Add2,Alb,Ap3d1
Add3,Add3,Alcam,Ap3s1
Adgrb3,Adgb,Aldh1a1,Apoa1
Adgrg1,Adgrb3,Aldh2,Apoa4
Adgrg4,Adgrg4,Aldh3a2,Apob
Adgrl1,Adgrl2,Aldh6a1,Appl1
Adh5,Adk,Aldh9a1,Appl2
Adk,Adnp,Aldoa,Aqp1
Ado,Ado,Aldoc,Aqp5
Adprh,Adprh,Alg6,Araf
Adrbk2,Adrbk2,Alkbh3,Arap1
Adrm1,Adrm1,Alkbh6,Arcn1
Adsl,Adsl,Alpk2,Arf1
Adss1,Adss2,Amer2,Arf4
Adss2,Afap1,Amn1,Arf5
Afdn,Afap1l2,Ampd2,Arfgap1
Afg3l2,Afdn,Ampd3,Arfgap2
Aftph,Aff3,Amph,Arfgap3
Ag2,Aff4,Amph,Arfgef1
Agap1,Afg3l2,Ank1,Arfgef2
Agap2,Aftph,Ank1,Arfgef3
Agap3,Ag2,Ank2,Arfip2
Agfg1,Agap1,Ank2,Arg1
Agfg2,Agap3,Ank3,Arglu1
Agk,Agfg1,Ankle2,Arhgap1
Agpat1,Agfg2,Ankrd13d,Arhgap17
Agpat3,Ago2,Ankrd17,Arhgap18
Agpat4,Ago3,Ankrd40,Arhgap21
Agpat5,Agpat1,Ankrd49,Arhgap28
Agtpbp1,Agpat3,Ankrd52,Arhgap31
Ahcy,Agpat4,Ankrd9,Arhgap32
Ahcyl1,Agtpbp1,Anks1a,Arhgap35
Ahcyl2,Ahctf1,Ano8,Arhgap44
Ahsa1,Ahcy,Anxa1,Arhgdia
Ahsa2,Ahcyl1,Anxa2,Arhgdib
Aida,Ahcyl2,Anxa3,Arhgef12
Aifm1,Ahdc1,Anxa4,Arhgef17
Aifm3,Ahr,Anxa5,Arhgef18
Aimp1,Ahsa1,Anxa6,Arhgef7
Aip,Ahsa2,Anxa7,Arid1b
Ajm1,Ahsg,Anxa8,Arl1
Ak1,Aif1l,Aox1,Arl15
Ak2,Aifm1,Ap1b1,Arl6ip4
Ak3,Aimp1,Ap1b1,Arl6ip5
Akap1,Aimp2,Ap1s2,Arpc1b
Akap10,Aip,Ap2a2,Arpc2
Akap12,Ak1,Ap2b1,Arpc4
Akap13,Ak2,Ap3b1,Arpc5
Akap17b,Ak3,Ap3b2,Arpin
Akap2,Ak5,Ap3d1,Arvcf
Akap5,Akap1,Ap3s1,As3mt
Akr1a1,Akap10,Ap3s2,Asap1
Akr1b1,Akap12,Apbb1,Aspn
Akr7a2,Akap13,Apbb1ip,Asprv1
Akt1,Akap2,Apmap,Aspscr1
Akt2,Akap5,Apob,Ass1
Akt3,Akap8,Appl1,Atad1
Alb,Akap8l,Aprt,Atg2b
Alcam,Akap9,Aqp1,Atg3
Aldh18a1,Akr1a1,Araf,Atl1
Aldh1a1,Akr1e2,Araf,Atp1a1
Aldh1l1,Akr7a2,Araf,Atp1a2
Aldh2,Akt1,Arap1,Atp1b1
Aldh3a2,Akt1s1,Arap2,Atp2a1
Aldh3b1,Akt2,Arcn1,Atp2a2
Aldh4a1,Akt3,Arf1,Atp2b1
Aldh5a1,Aktip,Arf1,Atp2b4
Aldh6a1,Alb,Arf4,Atp5f1a
Aldh7a1,Alcam,Arf4,Atp5f1b
Aldh9a1,Aldh1a2,Arf5,Atp6v1a
Aldoa,Aldh1b1,Arf6,Atp6v1b2
Aldoc,Aldh2,Arfgap1,Atp6v1h
Alg11,Aldh3a2,Arfgap2,Atp8a1
Alg2,Aldh4a1,Arfgap3,Atp9a
Alkbh3,Aldh6a1,Arfgef1,Atrx
Alkbh6,Aldh7a1,Arfgef1,Atxn2l
Alyref,Aldh9a1,Arfgef2,Aurkaip1
Amer2,Aldoa,Arfgef3,Avil
Amer3,Aldoc,Arfip2,Bag2
Amn1,Alg13,Arg1,Bag3
Amot,Alg2,Arhgap1,Baiap2
Amotl1,Alkbh3,Arhgap12,Baiap2l1
Ampd2,Alkbh5,Arhgap17,Basp1
Ampd3,Alkbh6,Arhgap17,Baz1b
Amph,Als2,Arhgap21,Baz2a
Anapc1,Alyref,Arhgap27,Bcap31
Angel1,Amacr,Arhgap28,Bcar1
Angptl1,Amer2,Arhgap31,Bcas3
Ank1,Amer3,Arhgap32,Bclaf1
Ank2,Amfr,Arhgap35,Bcr
Ank3,Amigo3,Arhgap39,Bgn
Ankle2,Amn1,Arhgap44,Bin1
Ankrd13a,Amot,Arhgdia,Birc6
Ankrd13d,Amotl1,Arhgef10l,Blmh
Ankrd17,Ampd2,Arhgef12,Bmp2k
Ankrd26,Ampd3,Arhgef18,Bpifb9a
Ankrd27,Amph,Arhgef6,Brcc3
Ankrd28,Anapc1,Arhgef6,Brd4
Ankrd34b,Anapc16,Arhgef7,Bud13
Ankrd34c,Anapc4,Arl15,Bzw1
Ankrd40,Angel1,Arl2,C2cd2
Ankrd49,Ank1,Arl3,C2cd2l
Ankrd52,Ank2,Arl6,C3
Anks1a,Ank3,Arl6ip5,C4b
Anks1b,Ankfy1,Arl8b,Ca3
Anln,Ankle2,Armc6,Cab39l
Ano10,Ankmy2,Armcx2,Cacnb3
Ano3,Ankrd10,Arpc1a,Cadm1
Ano4,Ankrd13a,Arpc1b,Cadm3
Ano6,Ankrd13d,Arpc2,Cadps
Ano8,Ankrd17,Arpc4,Calb1
Anxa1,Ankrd27,Arpc5,Calm1
Anxa2,Ankrd28,Arpin,Calm4
Anxa3,Ankrd34b,Arpp19,Calml3
Anxa5,Ankrd34c,Arpp19,Camk2b
Anxa6,Ankrd40,Arrb2,Camk2d
Anxa7,Ankrd49,As3mt,Camsap1
Aoc1,Ankrd52,Asap1,Camsap2
Aox1,Ankrd55,Asl,Camsap3
Ap1b1,Ankrd9,Aspn,Cand1
Ap1g1,Anks1a,Aspscr1,Cap1
Ap1g2,Anks1b,Asrgl1,Capg
Ap1s2,Anks3,Ass1,Capn1
Ap2a1,Ankzf1,Atad1,Caprin1
Ap2a2,Ano10,Atf6b,Capza1
Ap2b1,Ano3,Atg16l1,Capza2
Ap2m1,Ano4,Atg2a,Capzb
Ap2s1,Ano6,Atg2a,Carhsp1
Ap3b1,Ano8,Atg2b,Cask
Ap3b2,Anp32a,Atg3,Caskin1
Ap3d1,Anp32b,Atic,Casp14
Ap3m1,Anp32e,Atl1,Casp3
Ap3s1,Anxa1,Atp11a,Cast
Ap3s2,Anxa11,Atp12a,Cat
Ap4e1,Anxa2,Atp12a,Cav1
Apba1,Anxa5,Atp12a,Cav2
Apba2,Anxa6,Atp1a1,Cavin1
Apbb1,Anxa7,Atp1a1,Cavin2
Apbb1ip,Aoc1,Atp1a1,Cavin3
Apbb3,Aox1,Atp1a1,Cbl
Apc,Ap1b1,Atp1a1,Cbll1
Apc2,Ap1g1,Atp1a2,Cbx3
Apeh,Ap1s2,Atp1a2,Cc2d1a
Apoa1,Ap2a1,Atp1a3,Ccar1
Apob,Ap2a2,Atp1a4,Ccar2
Apoe,Ap2b1,Atp1b1,Ccdc102a
Apoo,Ap2m1,Atp2a1,Ccdc22
Appl1,Ap2s1,Atp2a1,Ccs
Appl2,Ap3b1,Atp2a2,Ccser2
Aqp1,Ap3b2,Atp2b1,Cct3
Aqp4,Ap3d1,Atp2b1,Cct4
Araf,Ap3m1,Atp2b1,Cct5
Arap1,Ap3s1,Atp2b1,Cct6a
Arap2,Ap3s2,Atp2b2,Cct8
Arcn1,Ap4e1,Atp2b4,Cd109
Arf1,Ap4m1,Atp5f1a,Cd2ap
Arf4,Ap5b1,Atp5f1b,Cd34
Arf5,Ap5m1,Atp5f1d,Cd44
Arf6,Ap5z1,Atp6v0d1,Cdc37
Arfgap1,Apba1,Atp6v1a,Cdc42bpb
Arfgap2,Apba2,Atp6v1b2,Cdc42ep4
Arfgap3,Apbb1,Atp6v1c1,Cdh1
Arfgef1,Apbb1ip,Atp6v1f,Cdh2
Arfgef2,Apc,Atp6v1h,Cdh3
Arfgef3,Apc2,Atp8a1,Cdhr5
Arfip2,Apeh,Atp9a,Cdipt
Arfrp1,Apex1,Atpaf1,Cdk11b
Arg1,Api5,Atr,Cdkn1b
Arhgap1,Apip,Atxn10,Cdkn2aip
Arhgap12,Aplf,Atxn2l,Cds2
Arhgap17,Apoa1,Aven,Cdsn
Arhgap18,Apob,Avil,Cdv3
Arhgap21,Apool,B3gntl1,Cend1
Arhgap22,App,Bag2,Cenpc
Arhgap23,Appl1,Bag3,Cenpv
Arhgap26,Appl2,Baiap2l1,Cep170
Arhgap27,Aqp1,Basp1,Cep170b
Arhgap28,Aqp4,Baz2a,Cept1
Arhgap31,Ar,Bcam,Cfap54
Arhgap32,Araf,Bcap31,Cfdp1
Arhgap35,Arap1,Bcar1,Cfl1
Arhgap39,Arap2,Bcas1,Cgnl1
Arhgap44,Arcn1,Bcas3,Champ1
Arhgap5,Arf1,Bcat1,Chd4
Arhgap6,Arf4,Bcl2l13,Cherp
Arhgdia,Arf5,Bcl2l2,Chit1
Arhgef1,Arf6,Bcr,Chmp2b
Arhgef10l,Arfgap1,Bdh2,Chmp3
Arhgef12,Arfgap2,Bend5,Chmp4b
Arhgef17,Arfgap3,Bgn,Chmp7
Arhgef18,Arfgef1,Bicd1,Chordc1
Arhgef25,Arfgef2,Bicd2,Chp1
Arhgef40,Arfgef3,Bicdl2,Ciapin1
Arhgef6,Arfip2,Bin1,Cisd1
Arhgef7,Arfrp1,Birc2,Ckap5
Arhgef9,Arg1,Birc6,Ckb
Arid2,Arglu1,Blmh,Ckm
Arid3b,Arhgap1,Bnip5,Ckmt1
Arl15,Arhgap12,Bola1,Clasp1
Arl2,Arhgap17,Borcs5,Clasp2
Arl3,Arhgap20,Borcs6,Cldn1
Arl6,Arhgap21,Bpnt1,Clic1
Arl6ip1,Arhgap22,Braf,Clint1
Arl6ip5,Arhgap23,Braf,Clip1
Arl8a,Arhgap26,Brap,Clip2
Armc1,Arhgap27,Brcc3,Cltb
Armc6,Arhgap28,Brox,Cltc
Armcx2,Arhgap31,Brsk1,Clybl
Armcx3,Arhgap32,Brsk1,Cmtr1
Armh3,Arhgap35,Brsk2,Cndp2
Arpc1a,Arhgap39,Brwd1,Cnn3
Arpc1b,Arhgap42,Bsdc1,Cnnm3
Arpc2,Arhgap44,Bsg,Cnot8
Arpc3,Arhgap5,Btbd18,Cobll1
Arpc4,Arhgdia,Bzw1,Coch
Arpc5,Arhgef1,C2cd2,Cog1
Arpc5l,Arhgef10,C2cd2l,Col11a1
Arpin,Arhgef10l,C3,Col16a1
Arpp19,Arhgef12,Ca3,Col17a1
Arrb1,Arhgef17,Cab39,Col1a1
Arrb2,Arhgef18,Cab39l,Col1a2
Arvcf,Arhgef25,Cabp1,Col24a1
As3mt,Arhgef28,Cacnb1,Col3a1
Asap1,Arhgef3,Cacnb1,Col4a1
Asap2,Arhgef40,Cacnb3,Col4a2
Asb1,Arhgef6,Cacnb4,Col5a1
Ascc1,Arhgef7,Cacul1,Col5a2
Asl,Arid1a,Cacybp,Col6a1
Asns,Arid1b,Cadm1,Col6a2
Aspa,Arid2,Cadm3,Col7a1
Aspscr1,Arih2,Cadm4,Comt
Asrgl1,Arl10,Cadps,Copa
Ass1,Arl15,Calb2,Copb2
Astn1,Arl2,Calcoco1,Copz1
Atad1,Arl2bp,Calm1,Copz2
Atad2,Arl3,Calml3,Coro1a
Atad3,Arl4c,Calr,Coro1b
Atcay,Arl6,Camk1d,Coro1c
Ate1,Arl6ip4,Camk2b,Coro2a
Atf7,Arl6ip5,Camk2b,Coro7
Atg13,Arl8a,Camk2b,Cox5b
Atg16l1,Armc1,Camk2d,Cpa4
Atg2a,Armc6,Camk2g,Cplx1
Atg2b,Armc8,Camkk1,Cpne1
Atg3,Armcx1,Camlg,Cpne3
Atg4a,Armcx2,Camsap1,Cpsf6
Atg4c,Armcx3,Camsap1,Cpsf7
Atg4d,Armcx5,Camsap2,Cpt1a
Atic,Arpc1a,Camsap2,Cr1l
Atl1,Arpc1b,Camsap3,Creb3l1
Atp11b,Arpc2,Cand1,Crebrf
Atp13a1,Arpc3,Cap1,Crip1
Atp1a1,Arpc4,Capg,Crip2
Atp1a2,Arpc5,Capn1,Crkl
Atp1a3,Arpc5l,Capn7,Crmp1
Atp1a4,Arpin,Capns1,Crtc1
Atp1b1,Arpp19,Caprin1,Crybg3
Atp1b2,Arpp21,Capza2,Cs
Atp1b3,Arrb1,Capzb,Csde1
Atp2a2,Arrb2,Carhsp1,Csf3r
Atp2b1,Arvcf,Carmil2,Csk
Atp2b2,As3mt,Carmil3,Csnk1a1
Atp2b4,Asap1,Cask,Csrp1
Atp2c1,Asap2,Caskin1,Cstf2
Atp4a,Ascc1,Casp14,Ctbp1
Atp5f1a,Ascc3,Casp3,Ctdsp2
Atp5f1b,Asic1,Casp9,Cth
Atp5f1c,Asic2,Cast,Ctnna1
Atp5f1d,Asl,Cat,Ctnna2
Atp5f1e,Asns,Cav1,Ctnnb1
Atp5if1,Aspa,Cav2,Ctnnbl1
Atp5mc1,Asph,Cavin1,Ctnnd1
Atp5me,Aspscr1,Cavin2,Ctsd
Atp5mf,Asrgl1,Cavin3,Cttn
Atp5mg,Ass1,Cbarp,Cul4b
Atp5mj,Astn1,Cbl,Cul5
Atp5mk,Asxl2,Cbl,Cutc
Atp5pb,Atad1,Cblb,Cux1
Atp5pd,Atad3,Cbr1,Cyb5r3
Atp5pf,Ate1,Cbwd1,Cycs
Atp5po,Atf2,Cbx3,Cyld
Atp6v0a1,Atf7,Cc2d1a,Cysrt1
Atp6v0d1,Atf7ip,Cc2d1b,Cyth1
Atp6v1a,Atg13,Ccdc102a,Daam1
Atp6v1b1,Atg16l1,Ccdc124,Dab2
Atp6v1b2,Atg2a,Ccdc130,Dag1
Atp6v1c1,Atg2b,Ccdc22,Dbn1
Atp6v1d,Atg3,Ccdc25,Dbnl
Atp6v1e1,Atg4a,Ccdc43,Dcaf15
Atp6v1f,Atic,Ccdc50,Dclk1
Atp6v1h,Atl1,Ccdc6,Dcn
Atp7a,Atl3,Ccdc85a,Dctn1
Atp8a1,Atn1,Ccdc85c,Dctn2
Atp8a2,Atox1,Ccdc88a,Dctn3
Atp9a,Atp11a,Ccdc9,Dctn4
Atpaf1,Atp13a1,Ccdc91,Ddhd1
Atxn10,Atp13a2,Ccdc92,Ddr1
Atxn2,Atp1a1,Ccnd2,Ddx17
Atxn2l,Atp1a2,Ccp110,Ddx19a
Auh,Atp1a3,Ccs,Ddx21
Aven,Atp1b1,Ccser2,Ddx39b
Avil,Atp2a2,Cct2,Ddx3x
Avl9,Atp2a3,Cct3,Ddx42
Axin1,Atp2b1,Cct4,Ddx46
Azi2,Atp2b2,Cct5,Ddx5
B3gnt5,Atp2b4,Cct6a,Ddx6
Babam1,Atp2c1,Cct7,Decr1
Bace1,Atp5f1a,Cct8,Def6
Bad,Atp5f1b,Ccz1,Dek
Bag2,Atp5f1c,Cd151,Dennd4b
Bag3,Atp5f1d,Cd200,Dennd4c
Bag5,Atp5if1,Cd2ap,Des
Bahcc1,Atp5mc2,Cd44,Dgkh
Baiap2,Atp5me,Cd47,Dgki
Baiap2l1,Atp5mg,Cd81,Dgkz
Basp1,Atp5pb,Cd82,Dhcr24
Baz1a,Atp5pd,Cd9,Dhrs1
Baz2a,Atp5pf,Cd99l2,Dhx15
Bbs4,Atp5po,Cdc37,Dhx36
Bcan,Atp6v0d1,Cdc37l1,Dhx9
Bcap31,Atp6v1a,Cdc42,Diaph1
Bcar1,Atp6v1b2,Cdc42,Dido1
Bcar3,Atp6v1c1,Cdc42bpa,Diras1
Bcas1,Atp6v1d,Cdc42bpa,Diras2
Bcas3,Atp6v1e1,Cdc42bpb,Dkc1
Bcat1,Atp6v1f,Cdc42ep4,Dlat
Bcat2,Atp6v1h,Cdh3,Dld
Bcl2l1,Atp7a,Cdk14,Dlg1
Bcl2l13,Atp8a1,Cdk16,Dlst
Bcl2l14,Atp8a2,Cdk5rap2,Dmkn
Bcl2l2,Atp9a,Cdkn1b,Dmrt1
Bcr,Atpaf1,Cdv3,Dmtn
Bdh1,Atr,Celsr3,Dmxl2
Becn1,Atrip,Cemip2,Dnah12
Begain,Atrx,Cend1,Dnajc11
Bend6,Atxn1,Cep104,Dnajc25
Bgn,Atxn10,Cep170,Dnajc6
Bicd1,Atxn1l,Cep170,Dnajc9
Bin1,Atxn2,Cep170b,Dnm1
Birc2,Atxn2l,Cep295,Dnm1l
Birc6,Atxn7l3b,Cep350,Dnm2
Bivm,Auh,Cep41,Dnm3
Bles03,Aup1,Cetn2,Dnttip2
Blmh,Auts2,Cfap20,Dock1
Bloc1s1,Aven,Cfap36,Dock11
Bloc1s6,Avil,Cfap410,Dock4
Blvra,Babam1,Cfap54,Dock7
Bmper,Babam2,Cfl1,Dock9
Bmpr2,Bace1,Cfl1,Dok1
Bnip1,Bad,Cfl2,Dpp3
Bnip2,Bag1,Cfp,Dpt
Bnip3,Bag2,Chd1,Dpysl2
Bod1l,Bag3,Chd7,Dpysl3
Bola1,Bag6,Chek1,Dpysl5
Borcs5,Baiap2,Chka,Drc1
Borcs6,Baiap2l1,Chkb,Drg2
Bphl,Banf1,Chmp1a,Dsc1
Bpifc,Bap18,Chmp2b,Dsc2
Bpnt1,Basp1,Chmp2b,Dsc3
Braf,Bax,Chmp3,Dscaml1
Brap,Baz1b,Chmp4b,Dsg1a
Brcc3,Baz2a,Chmp5,Dsg1b
Brf2,Baz2b,Chmp7,Dsg2
Brox,Bbs4,Chordc1,Dsg3
Brsk1,Bbs9,Chp1,Dsp
Brsk2,Bcap29,Ciao3,Dst
Bscl2,Bcap31,Ciapin1,Dstn
Bsdc1,Bcar1,Cisd1,Dtna
Bsg,Bcas1,Ckap4,Dtx3l
Bsn,Bcas2,Ckap5,Dus1l
Btbd11,Bcas3,Ckb,Dusp3
Bzw1,Bcat1,Ckm,Dvl1
C1qtnf4,Bcat2,Ckmt1,Dvl2
C2cd2,Bcl2l13,Clasp1,Dvl3
C2cd2l,Bcl2l14,Clasp1,Dync1h1
C2cd4c,Bcl2l2,Clasp2,Dync1i1
C2cd5,Bcl7b,Clgn,Dync1i2
C3,Bclaf1,Clic1,Dync1li1
Ca2,Bcr,Clic3,Dync1li2
Cab39,Becn1,Clint1,Echdc1
Cab39l,Begain,Clip1,Eci1
Cabp1,Bend6,Clip1,Ecm1
Cacna1a,Bet1,Clip2,Edc3
Cacna1b,Bet1l,Clip3,Edc4
Cacna1c,Bfar,Cltb,Eea1
Cacna1e,Bgn,Cltc,Eef1a1
Cacnb1,Bhlhb9,Clybl,Eef1b
Cacnb3,Bicd1,Cmas,Eef1d
Cacnb4,Bicd2,Cmip,Eef1g
Cacng2,Bicdl1,Cmpk1,Eef2
Cacng8,Bicra,Cmtm5,Efemp1
Cacul1,Bicral,Cmtm6,Efhd2
Cacybp,Bin1,Cmya5,Efl1
Cad,Birc2,Cndp2,Efr3a
Cadm1,Birc3,Cnksr2,Egfr
Cadm3,Birc6,Cnn2,Ehbp1
Cadm4,Bivm,Cnn3,Ehd1
Cadps,Blm,Cnot4,Ehd2
Cadps2,Blmh,Cnp,Ehd3
Calb1,Bloc1s1,Cnst,Ehd4
Calb2,Bloc1s2,Cntn1,Eif2a
Calcoco1,Bloc1s5,Cntn2,Eif2s2
Calcrl,Bloc1s6,Cntnap1,Eif3a
Calm1,Blvra,Coasy,Eif3b
Calr,Blvrb,Cobll1,Eif3c
Camk1d,Blzf1,Cog1,Eif3d
Camk2a,Bmp2k,Cog7,Eif3g
Camk2b,Bmpr2,Col11a1,Eif3h
Camk2d,Bnc2,Col11a1,Eif3j1
Camk2g,Bnip1,Col1a1,Eif3m
Camk4,Bnip3,Col1a1,Eif4a1
Camkk1,Bnip3l,Col1a2,Eif4b
Camkk2,Bod1,Col24a1,Eif4g1
Camkv,Bod1l,Col26a1,Eif4g2
Camlg,Bola1,Col2a1,Eif4g3
Camsap1,Bop1,Col2a1,Eif4h
Camsap2,Borcs5,Col3a1,Eif5
Camsap3,Borcs6,Col4a1,Eif5a
Camta1,Borcs7,Col4a2,Eif6
Cand1,Borcs8,Col5a1,Eln
Canx,Bpifc,Col5a2,Elp4
Cap1,Bpnt1,Col6a1,Emd
Cap2,Braf,Col6a2,Emilin1
Capg,Brap,Commd10,Emilin3
Capn1,Brcc3,Commd2,Eml1
Capn15,Brd4,Commd8,Eml2
Capn2,Brd7,Comt,Eml4
Capn7,Brd9,Copa,Enah
Capns1,Brdt,Copb1,Eno1
Caprin1,Brf1,Copb2,Eno3
Capza1,Bri3bp,Coprs,Epb41
Capza2,Brix1,Cops3,Epb41l1
Capzb,Brox,Cops5,Epb41l2
Card10,Brpf1,Cops7a,Epb41l3
Carhsp1,Brsk1,Copz1,Epn2
Carmil1,Brsk2,Copz2,Eppk1
Carmil2,Bscl2,Coq3,Eprs1
Carmil3,Bsdc1,Coro1a,Eps15
Cars1,Bsg,Coro1b,Eps15l1
Cask,Bsn,Coro1c,Eps8l1
Caskin1,Btf3,Coro2a,Eps8l2
Casp1,Btf3l4,Coro7,Erbin
Casp14,Bud13,Cox5b,Ercc5
Casp3,Bud31,Cpeb2,Ercc6l
Casp6,Bysl,Cplx1,Ermp1
Casp8ap2,Bzw1,Cplx1,Esrp1
Casp9,Bzw2,Cplx2,Esyt1
Cast,C2cd2,Cpne1,Esyt2
Castor2,C2cd2l,Cpne1,Etf1
Cat,C2cd5,Cpne3,Etfa
Cav1,C3,Cpne3,Etfb
Cav2,Ca2,Cpne6,Evpl
Cavin1,Caap1,Cpsf7,Ewsr1
Cavin2,Cab39,Cpt1a,Exo5
Cbarp,Cab39l,Cpt1c,Exoc3
Cbfb,Cabp1,Cr1l,Exoc4
Cbl,Cacna1a,Cracd,Exoc8
Cblb,Cacna1b,Crbn,Exosc10
Cbr1,Cacnb1,Crebrf,Exosc5
Cbwd1,Cacnb3,Crip1,Ezr
Cbx2,Cacnb4,Crip2,Fabp5
Cbx3,Cacng5,Crk,Fam114a1
Cc2d1a,Cacng7,Crkl,Fam114a2
Cc2d1b,Cacul1,Crmp1,FAM120A
Ccar2,Cacybp,Crmp1,Fam83b
Ccdc102a,Cad,Crmp1,Fam83g
Ccdc115,Cadm1,Crmp1,Fam83h
Ccdc120,Cadm2,Crmp1,Far2
Ccdc124,Cadm3,Crot,Farp1
Ccdc125,Cadm4,Crtc1,Fasn
Ccdc178,Cadps,Crtc2,Fat2
Ccdc18,Calb1,Cryab,Fau
Ccdc22,Calb2,Crybg3,Fbl
Ccdc25,Calca,Cs,Fbll1
Ccdc32,Calcoco1,Csdc2,Fbln5
Ccdc39,Calm1,Csde1,Fbn1
Ccdc43,Calr,Cse1l,Fen1
Ccdc50,Calu,Csf3r,Fermt2
Ccdc6,Camk1d,Csk,Fga
Ccdc77,Camk1g,Csnk1a1,Fgg
Ccdc80,Camk2a,Csnk1e,Fhip1a
Ccdc85a,Camk2b,Csnk2b,Fhl1
Ccdc85c,Camk2d,Csrp1,Fip1l1
Ccdc88a,Camk2g,Cstf2,Fkbp15
Ccdc88c,Camk4,Ctbp1,Fkbp2
Ccdc9,Camkk1,Ctnna1,Fkbp3
Ccdc91,Camkk2,Ctnna2,Flg
Ccdc92,Camlg,Ctnna3,Flg2
Ccdc93,Camsap1,Ctnnb1,Flna
Ccdc96,Camsap2,Ctnnb1,Flnb
Ccna1,Camsap3,Ctnnbl1,Flnc
Ccny,Camta1,Ctnnd1,Flot1
Ccp110,Camta2,Ctnnd2,Flot2
Ccs,Cand1,Ctps1,Fmn2
Ccser2,Canx,Cttn,Fmnl1
Cct2,Cap1,Cttnbp2,Fmod
Cct3,Cap2,Cuedc2,Fmr1
Cct4,Capg,Cul3,Fn1
Cct5,Capn1,Cul4b,Fnbp1
Cct6a,Capn2,Cul5,Fnbp1l
Cct7,Capns1,Cyb5a,Fndc3c1
Cct8,Caprin1,Cyb5r1,Frmd4b
Ccz1,Caprin2,Cyb5r3,Fry
Cd151,Capza1,Cycs,Fth1
Cd200,Capza2,Cyfip1,Fubp1
Cd2ap,Capzb,Cyld,Fundc2
Cd44,Carhsp1,Cyp11a1,Fus
Cd47,Carm1,Cyth1,Fxr1
Cd81,Carmil1,Czib,G3bp1
Cd82,Carmil2,Dab2ip,G6pdx
Cd84,Carmil3,Dag1,Gab1
Cd9,Cars1,Dbn1,Gabbr1
Cd99l2,Casc3,Dbnl,Gak
Cda,Cask,Dbt,Gamt
Cdc16,Caskin1,Dchs1,Ganab
Cdc25a,Caskin2,Dclk1,Gapdh
Cdc37,Casp1,Dclk1,Gapvd1
Cdc37l1,Casp3,Dclk2,Gatad2a
Cdc42,Casp6,Dcn,Gatad2b
Cdc42bpa,Casp9,Dctn1,Gbe1
Cdc42bpb,Cast,Dctn2,Gbp2
Cdc42ep1,Castor2,Dctn3,Gcc2
Cdc42ep4,Casz1,Dctn4,Gclc
Cdh2,Cat,Dctn6,Gclm
Cdh3,Cav1,Dcx,Gdap1l1
Cdip1,Cav2,Ddah1,Gdf7
Cdipt,Cavin1,Ddah2,Gdi1
Cdk14,Cavin2,Ddb1,Gdi2
Cdk16,Cavin3,Ddhd1,Gdpd3
Cdk18,Cbarp,Ddi2,Gga3
Cdk5,Cbfb,Ddost,Ggct
Cdkn1b,Cbl,Ddt,Git1
Cdkn2aip,Cblb,Ddx1,Gja1
Cdr2,Cbll1,Ddx17,Gk5
Cdr2l,Cbln4,Ddx17,Glmn
Cds2,Cbr1,Ddx19a,Glo1
Cdsn,Cbwd1,Ddx21,Glod4
Cdv3,Cbx3,Ddx39a,Glrx3
CEFIP,Cbx5,Ddx39b,Gls
Cemip2,Cc2d1a,Ddx3x,Gltp
Cend1,Cc2d1b,Ddx3x,Glud1
Cenpv,Ccar1,Ddx42,Glyr1
Cep131,Ccar2,Ddx46,Gmds
Cep152,Ccdc102a,Ddx5,Gmeb2
Cep170,Ccdc115,Ddx6,Gna15
Cep170b,Ccdc120,Decr1,Gnai1
Cep41,Ccdc124,Dennd1b,Gnai2
Cep97,Ccdc136,Dennd4b,Gnai3
Cept1,Ccdc174,Dennd4c,Gnao1
Cers1,Ccdc186,Denr,Gnb1
Cers2,Ccdc22,Depdc5,Gng12
Cetn2,Ccdc25,Depdc7,Golga4
Cfap157,Ccdc32,Deptor,Gorasp2
Cfap20,Ccdc43,Dffa,Got2
Cfap36,Ccdc47,Dgkg,Gpatch1
Cfap410,Ccdc50,Dgkh,Gpatch4
Cfap54,Ccdc6,Dgki,Gpatch8
Cfdp1,Ccdc85a,Dgki,Gphn
Cfl1,Ccdc85c,Dgkq,Gprin1
Cfl2,Ccdc86,Dgkz,Gpx1
Chad,Ccdc88a,Dhdh,Gpx3
Chchd3,Ccdc88c,Dhrs1,Grhpr
Chchd6,Ccdc9,Dhx15,Grik1
Chd1,Ccdc91,Dhx36,Grik3
Chd5,Ccdc92,Dhx57,Gripap1
Chd7,Ccdc93,Dhx9,Grk2
Chd9,Ccdc9b,Diaph2,Gsdma
Chek1,Ccm2,Dip2a,Gsdmd
Cherp,Ccna1,Dip2b,Gsdme
Chka,Ccnk,Diras1,Gsk3b
Chkb,Ccnt1,Diras1,Gsn
Chl1,Ccnt2,Diras2,Gspt1
Chml,Ccp110,Dis3l2,Gstm1
Chmp1a,Ccpg1,Dlat,Gstp1
Chmp1b1,Ccs,Dld,Gtf2f2
Chmp2a,Ccsap,Dlg1,Gtf2i
Chmp2b,Ccser1,Dlg2,Gtf3c1
Chmp3,Ccser2,Dlg5,H1-0
Chmp4b,Cct2,Dlgap1,H1-1
Chmp5,Cct3,Dlgap3,H1-2
Chmp7,Cct4,Dlst,H1-4
Chordc1,Cct5,Dmbt1,H1-5
Chp1,Cct6a,Dmtn,H2ac11
Chpt1,Cct7,Dmxl2,H2az1
Chrac1,Cct8,Dnaaf4,H2bc14
Chrm2,Ccz1,Dnajb1,H3-3a
Ciao3,Cd200,Dnajb13,H3c1
Ciapin1,Cd2ap,Dnajb2,H4c1
Cip2a,Cd2bp2,Dnajb2,Hadh
Cisd1,Cd44,Dnajc11,Hadha
Cisd2,Cd99l2,Dnajc6,Hadhb
Cit,Cda,Dnajc6,Hal
Ckap5,Cdc123,Dnajc7,Hars1
Ckb,Cdc16,Dnajc9,Hba
Ckmt1,Cdc25a,Dnm1,Hbb-b1
Clasp1,Cdc26,Dnm1,Hcfc1
Clasp2,Cdc37,Dnm1l,Hdac6
Clcc1,Cdc37l1,Dnm2,Hdgf
Clcn2,Cdc40,Dnm3,Hdlbp
Clcn6,Cdc42,Dock11,Hells
Cldn10,Cdc42bpa,Dock11,Herc2
Cldn11,Cdc42bpb,Dock3,Hes1
Cldnd1,Cdc42ep1,Dock5,Hgs
Clec16a,Cdc42ep2,Dock7,Hhla1
Clgn,Cdc42ep4,Dock9,Hint3
Clic1,Cdc5l,Dok1,Hip1r
Clic4,Cdc73,Dok4,Hk1
Clic5,Cdh23,Dppa4,Hlcs
Clint1,Cdipt,Dpy30,Hmgb1
Clip1,Cdk11b,Dpysl2,Hmgb2
Clip2,Cdk12,Dpysl2,Hmox2
Clip3,Cdk13,Dpysl3,Hnrnpa1
Clmn,Cdk14,Dpysl4,Hnrnpa2b1
Clptm1,Cdk16,Dpysl5,Hnrnpa3
Clstn2,Cdk17,Drap1,Hnrnpab
Clta,Cdk19,Drg2,Hnrnpc
Cltb,Cdk2ap1,Drgx,Hnrnpd
Cltc,Cdk5,Drp2,Hnrnpdl
Cluh,Cdk5rap2,Dsc1,Hnrnph1
Clvs1,Cdk5rap3,Dsel,Hnrnpk
Clybl,Cdk7,Dsg1a,Hnrnpl
Cmas,Cdk9,Dsg1b,Hnrnpm
Cmip,Cdkal1,Dsp,Hnrnpu
Cmpk1,Cdkl4,Dst,Hnrnpul1
Cmpk2,Cdkl5,Dstn,Hnrnpul2
Cmtm5,Cdkn1b,Dtna,Hook3
Cmtr1,Cdkn2aip,Dtna,Hp1bp3
Cndp2,Cdkn2d,Dtx3l,Hpca
Cnksr2,Cdpf1,Dusp3,Hprt1
Cnn3,Cdr2,Dvl1,Hpse2
Cnnm2,Cdr2l,Dvl3,Hrnr
Cnot1,Cds1,Dync1h1,Hs1bp3
Cnot2,Cds2,Dync1i1,Hsd17b12
Cnot3,Cdv3,Dync1i2,Hsd17b4
Cnot4,Cebpz,Dync1li1,Hsdl2
Cnp,CEFIP,Dync1li1,Hsp90aa1
Cnrip1,Celf1,Dync1li2,Hsp90ab1
Cnst,Celf2,Dynlrb1,Hsp90b1
Cntn1,Celf4,Dzank1,Hspa12a
Cntn6,Celf6,Echdc1,Hspa1a
Cntnap1,Celsr2,Eci2,Hspa4
Cntnap2,Cemip2,Edc3,Hspa5
Cntnap4,Cend1,Edf1,Hspa8
Coa3,Cenpj,Eea1,Hspa9
Coa7,Cenpv,Eef1a1,Hspb1
Coasy,Cep104,Eef1a1,Hspd1
Cobll1,Cep131,Eef1a2,Hspe1
Cog1,Cep162,Eef1akmt1,Hspg2
Cog4,Cep164,Eef1akmt2,Hsph1
Col11a1,Cep170,Eef1b,Htatsf1
Col11a2,Cep170b,Eef1b,Huwe1
Col1a1,Cep20,Eef1d,Ide
Col1a2,Cep250,Eef1g,Idh1
Col2a1,Cep350,Eef2,Ido1
Col3a1,Cep41,Eef2,Ier5
Col4a1,Cep43,Eepd1,Igbp1
Col4a2,Cep68,Efemp1,Igh-3
Col5a2,Cep97,Efhd2,Ik
Col6a1,Cerk,Efl1,Ikbkg
Col6a2,Cers1,Efnb1,Il13ra1
Col9a1,Cers2,Efr3a,Ilf3
Commd10,Cers4,Efr3a,Ilk
Commd2,Cert1,Efr3b,Impa1
Commd3,Cetn2,Eftud2,Impa2
Commd8,Cetn4,Ehbp1,Impact
Commd9,Cfap20,Ehd1,Inmt
Comt,Cfap251,Ehd1,Inpp1
Copa,Cfap36,Ehd3,Inpp5f
Copb1,Cfap410,Ehd3,Insrr
Copb2,Cfap53,Ehd4,IntS13
Copg2,Cfap54,Eif2a,Ip6k1
Coprs,Cfdp1,Eif2ak2,Ipo7
Cops3,Cfl1,Eif2s1,Iqcb1
Cops4,Cfl2,Eif2s2,Iqgap1
Cops5,Cftr,Eif2s3x,Iqgap2
Cops7a,Cgnl1,Eif3a,Irgq
Cops7b,Chac2,Eif3c,Ist1
Copz1,Champ1,Eif3d,Itgb1
Coq3,Chchd2,Eif3e,Itgb4
Coq6,Chchd3,Eif3f,Itih1
Coro1a,Chchd4,Eif3g,Itih2
Coro1b,Chchd6,Eif3h,Itih3
Coro1c,Chd1,Eif3i,Itpr2
Coro2a,Chd4,Eif3j1,Itsn1
Coro2b,Chd6,Eif3l,Itsn2
Coro7,Chd8,Eif3m,Ivl
Cox15,Chd9,Eif4a1,Iws1
Cox4i1,Chek1,Eif4a1,Jcad
Cox5a,Cherp,Eif4a3,Jpt1
Cox5b,Chid1,Eif4b,Jpt2
Cox6b1,Chka,Eif4e,Junb
Cox6c,Chkb,Eif4g1,Jund
Cox7a2,Chl1,Eif4g1,Jup
Cox7a2l,Chm,Eif4g2,Kank2
Cox7c,Chml,Eif4g3,Kank4
Cpeb2,Chmp1a,Eif4h,Katnal1
Cplx1,Chmp1b1,Eif5,Katnal2
Cplx2,Chmp2a,Eif5a,Katnb1
Cpne1,Chmp2b,Eif5a,Kbtbd3
Cpne3,Chmp3,Eif5a2,Kcna2
Cpne4,Chmp4b,Elavl1,Kcnb2
Cpne6,Chmp5,Elmo2,Kctd12
Cpne8,Chmp7,Eln,Kctd16
Cps1,Chn1,Elob,Kdsr
Cpsf1,Chordc1,Elp4,Khdrbs1
Cpsf6,Chp1,Emd,Khsrp
Cpsf7,Chpf,Emid1,Kiaa0100
Cpt1a,Chtop,Emilin3,Kif14
Cpt1c,Ciao2b,Eml1,Kif1a
Cpt2,Ciao3,Eml1,Kif21a
Cr1l,Ciapin1,Eml2,Kif2a
Cracd,Cic,Eml4,Kif5a
Cracr2a,Cideb,Emp2,Kif5b
Cradd,Cir1,Enah,Kif5c
Crat,Cirbp,Endod1,Kit
Crbn,Cisd1,Endog,Klc1
Creb3l1,Cisd2,Eno1,Klc2
Crebrf,Cisd3,Eno1,Kng1
Creld1,Ckap4,Eno2,Kpna3
Crip1,Ckap5,Ensa,Kprp
Crip2,Ckb,Entpd2,Krt1
Crk,Ckmt1,Epb41,Krt10
Crkl,Cks2,Epb41,Krt12
Crmp1,Clasp1,Epb41,Krt13
Crot,Clasp2,Epb41,Krt14
Crppa,Clca3a1,Epb41l1,Krt15
Crtc1,Clcc1,Epb41l2,Krt16
Crtc2,Clcn6,Epb41l2,Krt17
Crtc3,Clcn7,Epb41l3,Krt18
Cry1,Clec16a,Epm2aip1,Krt19
Cryab,Clgn,Epn1,Krt2
Cs,Clic1,Epn2,Krt20
Csad,Clint1,Epn3,Krt23
Csdc2,Clip1,Eppk1,Krt24
Csde1,Clip2,Eprs1,Krt25
Cse1l,Clip3,Eps15,Krt27
Csf2rb2,Clip4,Eps15l1,Krt31
Csf3r,Clmn,Eps8l2,Krt32
Csk,Clns1a,Erbb2,Krt34
Csnk1a1,Clpb,Erc1,Krt35
Csnk1d,Clpp,Ercc6l,Krt36
Csnk1e,Clptm1,Ermp1,Krt4
Csnk1g2,Clstn2,Erp29,Krt42
Csnk2a2,Clta,Esyt1,Krt5
Csnk2b,Cltb,Esyt2,Krt6a
Cspg4,Cltc,Etf1,Krt6b
Csrp1,Cluh,Etfa,Krt7
Cstf2,Clvs1,Etfb,Krt71
Ctbp1,Clvs2,Evl,Krt72
Ctdp1,Clybl,Evpl,Krt73
Ctdsp2,Cmas,Exoc1,Krt75
Cth,Cmc1,Exoc2,Krt76
Ctnna1,Cmip,Exoc3,Krt77
Ctnna2,Cmpk1,Exoc4,Krt79
Ctnna3,Cmtr1,Exoc6b,Krt8
Ctnnb1,Cnbp,Exoc8,Krt80
Ctnnbip1,Cndp2,Eya3,Krt81
Ctnnd1,Cnep1r1,Ezhip,Krt82
Ctnnd2,Cnksr2,Ezr,Krt85
Ctps1,Cnn2,Ezr,Krt9
Ctps2,Cnn3,Fabp5,Ktn1
Ctrb1,Cnnm2,Fam102b,Kyat1
Ctsd,Cnot1,Fam107b,L1cam
Cttn,Cnot10,Fam114a1,Lad1
Cttnbp2,Cnot11,Fam114a2,Lama1
Cttnbp2nl,Cnot2,Fam117b,Lama3
Ctu2,Cnot3,Fam126b,Lama5
Cuedc2,Cnot4,Fam131b,Lamb2
Cul1,Cnot8,Fam149b1,Lamc1
Cul2,Cnp,Fam83g,Lamtor1
Cul3,Cnrip1,Fasn,Larp1
Cul4a,Cnst,Fat2,Larp4
Cul4b,Cntn1,Fau,Las1l
Cul5,Cntnap1,Fbl,Lasp1
Cuta,Cntnap2,Fbln5,Lbr
Cutc,Coa3,Fbn1,Lcp1
Cyb5a,Coa7,Fbxl16,Ldb3
Cyb5r1,Coasy,Fbxo16,Ldha
Cyb5r3,Cobl,Fbxo30,Ldhb
Cyc1,Cobll1,Fbxo9,Lemd3
Cycs,Cog1,Fchsd1,Letm1
Cyfip1,Cog2,Fchsd2,Lgals7
Cyfip2,Cog3,Fdps,Lgals8
Cygb,Cog4,Fen1,Lgalsl
Cyld,Cog5,Fermt2,Lifr
Cyp1b1,Cog6,Fga,Lig3
Cyp51a1,Cog7,Fgd4,Lima1
Cyrib,Cog8,Fgf13,Limd1
Cyth1,Coil,Fgg,Lims1
Cyth3,Col11a1,Fh,Llph
Czib,Col12a1,Fhip2a,Lmcd1
D11Wsu47e,Col14a1,Fhl1,Lmna
D17h6s53e,Col16a1,Filip1,Lmnb1
Daam1,Col18a1,Fip1l1,Lmnb2
Dab1,Col1a1,Fitm2,Lnpk
Dab2,Col1a2,Fkbp15,Loricrin
Dab2ip,Col26a1,Fkbp2,Loxl1
Dad1,Col28a1,Fkbp3,Lpcat1
Dag1,Col2a1,Fkbp4,Lpin1
Dagla,Col3a1,Fkbp8,Lpp
Dao,Col4a1,Flna,Lrat
Dap,Col4a2,Flna,Lrch2
Dars1,Col4a3,Flnb,Lrch3
Dbi,Col5a1,Flot1,Lrrc15
Dbn1,Col5a2,Flot2,Lrrc39
Dbnl,Col6a2,Fmn1,Lrrc59
Dbt,Commd10,Fmn2,Lrrfip1
Dclk1,Commd2,Fmnl1,Lrsam1
Dclk2,Commd3,Fn1,Lsm4
Dctn1,Commd7,Fn3krp,Ltbp4
Dctn2,Commd8,Fnbp1,Luc7l
Dctn3,Commd9,Fnbp1l,Luc7l2
Dctn4,Comt,Foxo3,Luc7l3
Dctn5,Copa,Frk,Lum
Dctn6,Copb1,Frmd4a,Luzp1
Dcun1d1,Copb2,Frmd4b,Ly6d
Dcun1d3,Cope,Frmpd4,Lypla2
Dcx,Copg1,Frs3,Lyz1
Ddah1,Copg2,Fry,Lzic
Ddb1,Coprs,Fscn1,Lztfl1
Ddhd1,Cops2,Fsd1,Macf1
Ddhd2,Cops3,Fsd1l,Macroh2a1
Ddi2,Cops4,Ftcd,Madd
Ddost,Cops5,Fth1,Maged1
Ddrgk1,Cops6,Ftl1,Magi1
Ddt,Cops7a,Fubp1,Magi3
Ddx1,Cops7b,Fundc2,Magoh
Ddx19a,Copz1,Fus,Mal2
Ddx27,Copz2,Fxr1,Map1a
Ddx39b,Coq3,G6pdx,Map1b
Ddx3x,Coq6,Gab1,Map2
Ddx3y,Coro1a,Gab2,Map2k1
Ddx42,Coro1b,Gabarapl2,Map2k6
Ddx46,Coro1c,Gabbr1,Map3k3
Ddx5,Coro2a,Gak,Map3k6
Ddx6,Coro2b,Galnt14,Map4
Decr1,Coro6,Gamt,Map4k1
Degs1,Coro7,Gan,Map6
Dele1,Cox15,Ganab,Map7
Dennd10,Cox17,Gapdh,Map7d1
Dennd1b,Cox19,Gapvd1,Map7d2
Dennd4b,Cox4i1,Gar1,Mapk3
Denr,Cox5a,Garem1,Mapk8ip3
Depdc5,Cox5b,Garnl3,Mapre1
Depdc7,Cox6b1,Gars1,Mapre2
Deptor,Cox7a2l,Gas2,Mapre3
Derl1,Cpa1,Gas7,Mapt
Dffa,Cpd,Gbe1,Marcks
Dgke,Cpeb1,Gbp2,Mast1
Dgkg,Cpeb2,Gcfc2,Mavs
Dgkh,Cpeb3,Gclc,Mbd2
Dgki,Cpeb4,Gclm,Mbnl1
Dgkq,Cplx1,Gdap1l1,Mbp
Dgkz,Cplx2,Gdi1,Mccc1
Dhcr24,Cpne1,Gdi1,Mcpt4
Dhcr7,Cpne3,Gdi2,Mctp2
Dhdh,Cpne4,Gga1,Mdh1
Dhrs1,Cpne6,Gga1,Mdh2
Dhrs7,Cpne8,Gga3,Me1
Dhx15,Cps1,Gigyf1,Mecp2
Dhx36,Cpsf1,Git1,Med15
Dhx57,Cpsf2,Gjc3,Metap2
Dhx9,Cpsf3,Glcci1,Mfap2
Diaph1,Cpsf4,Glmn,Mgst1
Diaph2,Cpsf6,Glo1,Mia2
Dip2a,Cpsf7,Glod4,Mical1
Dip2b,Cpt1a,Glrx3,Mical3
Diras1,Cpt1c,Gls,Mindy1
Diras2,Cpt2,Gltp,Mink1
Dis3l2,Cr1l,Glud1,Mipol1
Disp2,Cracd,Gmds,Mkln1
Dlat,Cradd,Gmpr,Mks1
Dld,Crbn,Gna11,Mlh1
Dlg1,Crcp,Gnai2,Mms19
Dlg2,Creb1,Gnai2,Mmtag2
Dlg4,Creb3l1,Gnao1,Mndal
Dlg5,Crebbp,Gnb1,Mob1a
Dlgap1,Crebrf,Gnb2,Mob2
Dlgap2,Crip1,Gng3,Mon2
Dlgap3,Crip2,Golga3,Mpp1
Dlgap4,Crk,Golga4,Mprip
Dlst,Crkl,Golph3,Mpz
Dmac1,Crlf3,Gopc,Mre11
Dmac2l,Crmp1,Gorab,Msh6
Dmtn,Crocc,Gorasp2,Msn
Dmwd,Crocc2,Got1,Msra
Dmxl1,Crot,Got2,Mta2
Dmxl2,Crtc1,Gpcpd1,Mtarc2
Dnah8,Crtc2,Gphn,Mtco2
Dnaja1,Crtc3,Gpi,Mtdh
Dnaja2,Cryab,Gpm6a,Mtfr1l
Dnaja3,Crybg3,Gpr158,Mthfd1
Dnajb1,Crym,Gpr89,Mtmr6
Dnajb2,Cryzl1,Gprin1,Mtor
Dnajb4,Cs,Gramd1b,Mtrfr
Dnajc11,Csad,Grb14,Mtss1
Dnajc24,Csdc2,Grcc10,Mug1
Dnajc27,Csde1,Grhpr,Mup1
Dnajc5,Cse1l,Grip1,Mvb12a
Dnajc6,Csf3r,Gripap1,Mvp
Dnajc7,Csk,Grk2,Mybbp1a
Dnajc9,Csnk1a1,Grm3,Myh1
Dnm1,Csnk1d,Grsf1,Myh11
Dnm1l,Csnk1e,Gsdma,Myh14
Dnm2,Csnk1g1,Gsdme,Myh6
Dnm3,Csnk1g3,Gsk3a,Myh9
Dnpep,Csnk2a1,Gsk3a,Myl12b
Doc2b,Csnk2a2,Gsk3b,Myl6
Dock1,Csnk2b,Gsn,Mylk
Dock11,Cspg4,Gspt1,Mylk2
Dock3,Cspp1,Gspt1,Mylpf
Dock4,Csrp1,Gspt2,Myo15a
Dock5,Csrp2,Gsr,Myo18a
Dock7,Cstf2,Gss,Myo1c
Dock9,Cstf3,Gstm1,Myo1d
Dok1,Ctbp1,Gstm5,Myo1e
Dok4,Ctcf,Gstp1,Myo6
Dop1a,Ctdp1,Gstp1,Myoc
Dpp10,Ctdsp2,Gucy2e,Myof
Dpp3,Cth,Gyg1,Naca
Dpy19l1,Ctif,Gzf1,Nacc1
Dpysl2,Ctnna1,H1-0,Nans
Dpysl3,Ctnna2,H1-2,Nap1l1
Dpysl4,Ctnna3,H1-2,Nap1l4
Dpysl5,Ctnnal1,H1-2,Napg
Drg2,Ctnnb1,H1-4,NARS1
Dsc1,Ctnnbip1,H1-4,Nasp
Dsg1a,Ctnnd1,H1-5,Nat10
Dsg1b,Ctnnd2,H2ac11,Nav1
Dsg3,Ctps1,H2ac11,Ncam1
Dsp,Ctps2,H2az1,Nccrp1
Dst,Ctr9,H2bc14,Nck1
Dstn,Ctsb,H2bc14,Nckap1
Dtd1,Ctsd,H2bu1,Ncl
Dtna,Cttn,H3-3a,Ncoa7
Dtnb,Cttnbp2,H3c1,Ncor2
Dtx3l,Cttnbp2nl,H4c1,Ndrg2
Dtymk,Ctu2,Habp4,Ndrg3
Dusp12,Cuedc2,Hadha,Ndufa12
Dusp3,Cul2,Hadhb,Ndufaf2
Dvl1,Cul3,Hal,Ndufaf7
Dvl3,Cul4a,Hand1,Ndufs2
Dync1h1,Cul4b,Hars1,Ndufv2
Dync1i1,Cul5,Hba,Nebl
Dync1i2,Cul9,Hbb-b1,Necap1
Dync1li1,Custos,Hbb-b1,Necap2
Dync1li2,Cuta,Hbs1l,Nectin4
Dynll1,Cutc,Hcfc1,Nedd4
Dynll2,Cux1,Hck,Nedd4l
Dynlrb1,Cwc15,Hdac5,Nedd8
Dynlt3,Cwc25,Hdac6,Nefh
Dysf,Cwc27,Hdlbp,Nefl
Dzank1,Cwf19l2,Hebp2,Nefm
Dzip3,Cxadr,Hecw1,Nek1
Ebp,Cyb5a,Hgs,Nek7
Echdc1,Cyb5b,Hint1,Nek9
Echs1,Cyb5r1,Hint3,Nelfa
Eci1,Cyb5r3,Hip1r,Nelfe
Eci2,Cyb5r4,Hivep2,Nf2
Ecpas,Cyc1,Hk1,Nfia
Ecsit,Cycs,Hk2,Nfib
Edc3,Cyfip2,Hlcs,Nfic
Edc4,Cygb,Hmgb1,Nfix
Edf1,Cyld,Hmgcs1,Niban1
Eea1,Cyp2c29,Hmox2,Niban2
Eef1a1,Cyp51a1,Hnrnpa0,Nid1
Eef1a2,Cyren,Hnrnpa1,Nipbl
Eef1akmt1,Cyth1,Hnrnpa1,Nkap
Eef1akmt2,Cyth3,Hnrnpa2b1,Nkpd1
Eef1b,Czib,Hnrnpa3,Nme1
Eef1d,D17h6s53e,Hnrnpab,Nme2
Eef1g,Dab1,Hnrnpc,Nmt2
Eef2,Dab2,Hnrnpd,Nolc1
Eepd1,Dab2ip,Hnrnpdl,Nono
Efemp1,Dag1,Hnrnph1,Nop2
Efemp2,Dagla,Hnrnpk,Npm1
Efhd2,Dapk1,Hnrnpm,Nr3c1
Efl1,Dars1,Hnrnpu,Nrbf2
Efnb1,Dazap1,Hp1bp3,Nrg3
Efnb2,Dbi,Hpcal1,Nsdhl
Efnb3,Dbn1,Hpcal1,Nsf
Efr3a,Dbndd1,Hpgd,Nsfl1c
Efr3b,Dbndd2,Hprt1,Nsun5
Ehbp1,Dbnl,Hs1bp3,Nucb2
Ehd1,Dbt,Hsd17b4,Nucks1
Ehd3,Dcaf1,Hsdl2,Nudc
Ehd4,Dcaf5,Hsp90aa1,Nudcd2
Eid2,Dcaf8,Hsp90aa1,Nudcd3
Eif2a,Dchs1,Hsp90ab1,Nudt21
Eif2ak2,Dclk1,Hsp90ab1,Nudt5
Eif2b1,Dclk2,Hsp90b1,Numa1
Eif2s1,Dcn,Hspa12a,Numb
Eif2s2,Dcp1a,Hspa1a,Numbl
Eif3a,Dcp1b,Hspa1l,Nup214
Eif3b,Dcp2,Hspa1l,Nup50
Eif3c,Dcps,Hspa1l,Nup62
Eif3d,Dctn1,Hspa4,Nup85
Eif3e,Dctn2,Hspa4,Nup93
Eif3f,Dctn3,Hspa4l,Nup98
Eif3g,Dctn4,Hspa5,Nvl
Eif3h,Dctn5,Hspa5,Odad2
Eif3i,Dctn6,Hspa8,Oga
Eif3j1,Dcun1d1,Hspa8,Ogn
Eif3l,Dcun1d5,Hspa9,Ola1
Eif3m,Dcx,Hspb1,Orc5
Eif4a1,Ddb1,Hspbp1,Osbp
Eif4a2,Ddhd1,Hspd1,Osbpl10
Eif4b,Ddhd2,Hspe1,Osbpl3
Eif4e,Ddi2,Hspg2,Osbpl8
Eif4e3,Ddit3,Hsph1,Osbpl9
Eif4g1,Ddost,Htatip2,Osmr
Eif4g2,Ddrgk1,Htr1d,Otub1
Eif4g3,Ddt,Htt,Otud4
Eif4h,Ddx1,Iars1,Oxr1
Eif5,Ddx17,Ica1,Oxsr1
Eif5a,Ddx18,Ide,Oxtr
Eif5a2,Ddx19a,Idh1,P4hb
Eif6,Ddx20,Idh2,Pa2g4
Eipr1,Ddx21,Idh3a,Pabpc1
Elac1,Ddx27,Ido1,Pacs1
Elavl1,Ddx31,Ift22,Pacs2
Elavl4,Ddx39b,Igbp1,Pacsin1
Elfn1,Ddx3x,Igdcc3,Pafah1b1
Elfn2,Ddx3y,Ikbkg,Paics
Elmo1,Ddx41,Ilf2,Paip1
Elmo2,Ddx42,Ilf3,Pak2
Elmod1,Ddx46,Ilk,Palld
Eln,Ddx5,Ilrun,Palm
Elob,Ddx50,Imp4,Palm2
Eloc,Ddx51,Impa1,Palmd
Elp1,Ddx6,Impa2,Papss1
Elp4,Decr1,Impact,Papss2
Emb,Dek,Impdh2,Pard3
Emc1,Dennd10,Ina,Parg
Emc6,Dennd1a,Ina,Park7
Emc7,Dennd1b,Ina,Parva
Emd,Dennd2a,Ina,Pc
Emilin1,Dennd4b,Ina,Pcbp1
Emilin3,Dennd4c,Inpp1,Pcbp2
Eml1,Denr,Inpp5f,Pcbp3
Eml2,Depdc5,Inpp5j,Pcca
Eml4,Depdc7,Inppl1,Pccb
Enah,Deptor,Insrr,Pcdh12
Endod1,Des,Ints10,Pclo
Eno1,Dffa,Ip6k1,Pcm1
Eno2,Dgcr8,Ipo11,Pcmt1
Eno3,Dgkb,Ipo7,Pcnp
Enoph1,Dgkd,Iqcb1,Pcyt1a
Ensa,Dgke,Iqgap1,Pcyt2
Entpd6,Dgkg,Iqsec1,Pdap1
Epb41,Dgkh,Irf3,Pdcd4
Epb41l1,Dgki,Irgq,Pdcd6ip
Epb41l2,Dgkq,Irs2,Pde11a
Epb41l3,Dgkz,Iscu,Pdha1
Epg5,Dguok,Ist1,Pdia3
Epha7,Dhcr7,Isyna1,Pdlim1
Ephb6,Dhdh,Itgb4,Pdlim3
Ephx1,Dhps,Itgb6,Pdlim4
Epm2aip1,Dhrs1,Itih2,Pdlim5
Epn1,Dhrs13,Itih4,Pdlim7
Epn2,Dhrs7,Itm2b,Pdxdc1
Epn3,Dhx15,Itpa,Pdzd8
Eprs1,Dhx29,Itpk1,Pebp1
Eps15,Dhx30,Itpr3,Pex14
Eps15l1,Dhx32,Itsn1,Pex5l
Erbin,Dhx36,Itsn2,Pfas
Erc1,Dhx40,Jakmip3,Pfkfb2
Erc2,Dhx57,Jam3,Pfkm
Ercc1,Dhx9,Jcad,Pfkp
Ercc6l,Diaph1,Jmy,Pfn1
Erlin1,Diaph2,Jpt1,Pgam1
Ermn,Dicer1,Jpt2,Pgk1
Ermp1,Dido1,Jup,Pgm2
Erp29,Dip2a,Kank2,Pgm2l1
Erp44,Dip2b,Kank4,Pgrmc2
Esyt1,Diras1,Katnal1,Phaf1
Esyt2,Diras2,Katnal2,Phax
Etf1,Dis3l2,Katnb1,Phb
Etfa,Dkc1,Katnip,Phb2
Etfb,Dlat,Kcna1,Phf24
Etfdh,Dld,Kcna1,Phgdh
Evi5,Dlg1,Kcna1,Phldb1
Evl,Dlg2,Kcna2,Phlpp2
Evpl,Dlg4,Kcna6,Phyhipl
Exd1,Dlg5,Kcnab2,Pi4ka
Exo5,Dlgap1,Kcnab3,Pi4kb
Exoc1,Dlgap2,Kcnb2,Picalm
Exoc2,Dlgap3,Kcnd1,Pigr
Exoc3,Dlgap4,Kcnq2,Pik3c3
Exoc4,Dlst,Kcnq4,Pik3ca
Exoc6b,Dmac2l,Kctd16,Pitpnm1
Exoc7,Dmap1,Khsrp,Pitpnm2
Exoc8,Dmd,Kiaa0100,Pkm
Exosc7,Dmtn,Kiaa0513,Pkn1
Exosc8,Dmxl1,Kiaa1107,Pkn2
Eya3,Dmxl2,Kiaa1841,Pkp1
Ezr,Dnaaf4,Kif14,Pkp3
F13b,Dnaja1,Kif16b,Pla2g4e
Fabp5,Dnaja2,Kif1a,Plaa
Fads1,Dnajb1,Kif1a,Plbd1
Fads3,Dnajb11,Kif20b,Plcb3
Faf1,Dnajb12,Kif21a,Plcl1
Fah,Dnajb14,Kif2a,Plec
Fahd2,Dnajb2,Kif3a,Plekha6
Faim2,Dnajc1,Kif3b,Plekha7
Fam102a,Dnajc11,Kif5a,Plekhn1
Fam102b,Dnajc16,Kif5a,Plin1
Fam107b,Dnajc17,Kif5a,Plin2
Fam110b,Dnajc19,Kif5a,Plin3
Fam114a1,Dnajc2,Kif5b,Plin4
Fam114a2,Dnajc21,Kif5c,Plp2
Fam117b,Dnajc24,Kifap3,Plpp3
FAM120A,Dnajc6,Klc1,Pls1
Fam126b,Dnajc7,Klc1,Pls3
Fam131b,Dnajc8,Klc2,Plscr3
Fam135a,Dnajc9,Klhl11,Plxnb1
Fam149b1,Dner,Kmt2d,Pof1b
Fam162a,Dnlz,Kpna3,Pola1
Fam169a,Dnm1,Kpnb1,Pold3
Fam171a2,Dnm1l,Krt1,Polr1d
Fam171b,Dnm2,Krt1,Pom121
Fam177a1,Dnm3,Krt1,Postn
Fam210a,Dnpep,Krt1,Ppa1
Fam221a,Dnttip2,Krt1,Ppef1
Fam222b,Dock1,Krt1,Ppia
Fam234b,Dock11,Krt1,Ppib
Fam83g,Dock2,Krt1,Ppid
Fam83h,Dock3,Krt10,Ppig
Fam98a,Dock4,Krt10,Ppip5k1
Fanci,Dock5,Krt10,Ppip5k2
Farp1,Dock6,Krt10,Ppl
Farsb,Dock7,Krt10,Ppm1a
Fasn,Dock9,Krt10,Ppm1b
Fau,Dok1,Krt12,Ppme1
Fbl,Dok4,Krt13,Ppp1ca
Fbln2,Dolpp1,Krt13,Ppp1cc
Fbln5,Dop1a,Krt13,Ppp1r12a
Fbn1,Dop1b,Krt13,Ppp1r12c
Fbn2,Dpf1,Krt14,Ppp1r13l
Fbxl16,Dpf2,Krt14,Ppp1r18
Fbxl20,Dpf3,Krt14,Ppp1r2
Fbxo16,Dpm1,Krt14,Ppp1r9b
Fbxo2,Dpp10,Krt14,Ppp2r5a
Fbxo3,Dpp3,Krt14,Ppp2r5b
Fbxo30,Dpp9,Krt14,Ppp2r5c
Fbxo31,Dpy30,Krt15,Ppp3ca
Fbxo4,Dpyd,Krt16,Ppp4r3a
Fbxo41,Dpysl2,Krt16,Ppp4r4
Fbxo42,Dpysl3,Krt16,Ppp6r1
Fbxw11,Dpysl4,Krt17,Ppp6r2
Fchsd1,Dpysl5,Krt17,Ppp6r3
Fchsd2,Dr1,Krt17,Praf2
Fdps,Drap1,Krt17,Prdx1
Fech,Drg1,Krt18,Prdx2
Fem1aa,Drg2,Krt18,Prdx4
Fer1l5,Drp2,Krt19,Prdx5
Fermt2,Dsc1,Krt2,Prdx6
Fez1,Dscam,Krt2,Prelp
Fga,Dsg1b,Krt2,Prep
Fgd4,Dsp,Krt222,Prkar2a
Fgf12,Dst,Krt23,Prkar2b
Fgf13,Dstn,Krt26,Prkca
Fh,Dstyk,Krt28,Prkcd
Fhdc1,Dtd1,Krt31,Prkcq
Fhip2a,Dtna,Krt31,Prkg1
Fhl1,Dtnb,Krt31,Prl7c1
Filip1,Dtnbp1,Krt35,Prm3
Fip1l1,Dtx3l,Krt35,Prmt8
Fis1,Dtymk,Krt4,Prom2
Fitm2,Dus2,Krt4,Prox2
Fkbp15,Dus3l,Krt42,Prpf3
Fkbp2,Dusp12,Krt5,Prpf38a
Fkbp3,Dusp3,Krt5,Prpf40a
Fkbp4,Dvl1,Krt5,Prpf4b
Fkbp5,Dvl2,Krt5,Prpf8
Fkbp8,Dvl3,Krt5,Prph
Flad1,Dync1h1,Krt5,Prr14
Flii,Dync1i1,Krt5,Prrc2a
Flna,Dync1i2,Krt5,Prrc2b
Flnb,Dync1li1,Krt6a,Prrc2c
Flnc,Dync1li2,Krt6a,Prrx1
Flot1,Dync2h1,Krt6a,Prss2
Flot2,Dync2i1,Krt6a,Prune1
Flrt3,Dynll1,Krt6a,Prune2
Flywch1,Dynlrb1,Krt7,Prx
Fmn1,Dysf,Krt7,Prxl2a
Fmn2,Dzank1,Krt7,Prxl2b
Fmnl1,Dzip3,Krt72,Psapl1
Fmnl2,Ebag9,Krt73,Psma1
Fn1,Ebf1,Krt75,Psma4
Fn3krp,Ebp,Krt76,Psma6
Fnbp1,Ecd,Krt77,Psma7
Fnbp1l,Ece1,Krt79,Psmb2
Fndc3c1,Ech1,Krt8,Psmb3
Foxo3,Echdc1,Krt8,Psmb4
Frk,Eci2,Krt80,Psmc2
Frmd4a,Ecpas,Krt81,Psmc3
Frmd4b,Ecsit,Krt81,Psmc4
Frmpd4,Edc3,Krt81,Psmd11
Frs2,Edc4,Krt81,Psmd14
Frs3,Edf1,Krt82,Psmd2
Fry,Eea1,Krt85,Psmd3
Fscn1,Eef1a1,Ksr2,Psme1
Fsd1,Eef1a2,L1cam,Psme3
Fsd1l,Eef1akmt1,Lama2,Pspc1
Fth1,Eef1akmt2,Lama4,Ptbp1
Ftl1,EEF1AKNMT,Lamb1,Ptbp3
Fubp1,Eef1b,Lamb2,Ptges3
Fundc2,Eef1d,Lamc1,Ptma
Fus,Eef1e1,Lamtor1,Ptms
Fxr1,Eef1g,Lancl1,Ptpn12
Fxr2,Eef2,Lancl3,Ptpn23
Fxyd7,Eepd1,Larp1,Pus7
Fyn,Efemp1,Larp6,Pygb
Fzd2,Efhd2,Lars1,Pym1
Fzr1,Efl1,Lasp1,Qars1
G3bp1,Efnb1,Lbr,Rab10
G3bp2,Efnb2,Lcp1,Rab11a
G6pdx,Efnb3,Lcp1,Rab11b
Gab1,Efr3a,Lcp1,Rab11fip2
Gab2,Efr3b,Ldb3,Rab11fip5
Gabarapl2,Eftud2,Ldha,Rab15
Gabbr1,Egfr,Ldha,Rab18
Gabbr2,Egln1,Ldhb,Rab1A
Gabra1,Ehbp1,Leprot,Rab21
Gabra2,Ehbp1l1,Leprotl1,Rab23
Gabra3,Ehd1,Letm1,Rab32
Gabrb2,Ehd2,Lgals1,Rab33b
Gabrb3,Ehd3,Lgals8,Rab35
Gad1,Ehd4,Lima1,Rab3c
Gak,Ehmt1,Limch1,Rab3d
Gamt,Eid1,Limd1,Rab3gap2
Ganab,Eif1,Limd2,Rab5a
Ganc,Eif1a,Lime1,Rab5c
Gap43,Eif1ax,Limk1,Rab6a
Gapdh,Eif2a,Lims1,Rab6b
Gapvd1,Eif2ak2,Lin9,Rab7a
Garem1,Eif2ak3,Llgl1,Rabgap1
Garnl3,Eif2ak4,Lman2,Rabgap1l
Gars1,Eif2b1,Lmcd1,Rabl3
Gart,Eif2b2,Lmna,Rabl6
Gas2,Eif2b4,Lmna,Rac1
Gas7,Eif2b5,Lmnb1,Rack1
Gatd3a,Eif2d,Lnpk,Rad17
Gbe1,Eif2s1,Lpcat1,Rad23b
Gbp2,Eif2s2,Lpin1,Rad50
Gbp4,Eif2s3x,Lpp,Raf1
Gcc1,Eif3a,Lrmda,Rala
Gcc2,Eif3b,Lrpprc,Ralgapa1
Gclc,Eif3c,Lrrc49,Raly
Gclm,Eif3d,Lrrc57,Ran
Gcn1,Eif3e,Lrrfip2,Ranbp2
Gdap1,Eif3f,Lrrk1,Ranbp3
Gdap1l1,Eif3g,Lrsam1,Ranbp9
Gdi1,Eif3h,Lsm12,Rangap1
Gdi2,Eif3i,Lsm3,Rap1a
Gdpd5,Eif3j1,Lta4h,Rap1gap2
Get3,Eif3k,Luc7l2,Rars1
Get4,Eif3l,Lum,Raver1
Gfap,Eif3m,Luzp1,Rbbp6
Gfm1,Eif4a1,Lxn,Rbm10
Gga1,Eif4a2,Lypla2,Rbm14
Gga2,Eif4a3,Lysmd2,Rbm17
Gga3,Eif4b,Lyz1,Rbm25
Ggct,Eif4e,Lzic,Rbm3
Ggt7,Eif4e2,Lztfl1,Rbm39
Ghitm,Eif4e3,Mab21l4,Rbmx
Gigyf1,Eif4ebp2,Macf1,Rcc2
Gigyf2,Eif4enif1,Macf1,Reep1
Gipc1,Eif4g1,MACIR,Reep5
Git1,Eif4g2,Maco1,Relch
Gja1,Eif4g3,Macroh2a1,Reps1
Gjb1,Eif4h,Madd,Reps2
Gjb6,Eif5,Maged1,Rer1
Gjc3,Eif5a,Magi1,Rev1
Gk,Eif5a2,Magi3,Rexo2
Glcci1,Eif5b,Magoh,Rgs3
Glg1,Eif6,Mal2,Rheb
Glipr2,Eipr1,Man1a1,Rhoa
Glis3,Elac1,Man2a2,Ric8a
Glmn,Elac2,Maoa,Rictor
Glo1,Elapor1,Map1a,Rimkla
Glod4,Elapor2,Map1a,Rint1
Glra1,Elavl1,Map1b,Rnf10
Glrb,Elavl2,Map1lc3a,Rnf121
Glrx,Elavl3,Map2,Rnf135
Glrx3,Elavl4,Map2k1,Rnf214
Gls,Elmo1,Map2k1,Rnps1
Gls2,Elmo2,Map2k2,Rpa1
Gltp,Elmod1,Map2k4,Rpap3
Glud1,Eln,Map2k6,Rph3a
Glul,Eloa,Map3k1,Rpl10
Gmds,Elob,Map3k20,Rpl10a
Gmeb2,Eloc,Map3k3,Rpl11
Gmpr,Elovl5,Map4,Rpl12
Gmpr2,Elp1,Map4k5,Rpl13
Gmps,Elp2,Map6,Rpl13a
Gna11,Elp3,Map7,Rpl14
Gna12,Elp4,Map7d1,Rpl15
Gna13,Elp5,Map7d2,Rpl17
Gnai1,Elp6,Mapk1,Rpl18
Gnai2,Emb,Mapk10,Rpl18a
Gnai3,Emc10,Mapk10,Rpl19
Gnal,Emc2,Mapk3,Rpl22
Gnao1,Emc3,Mapk8ip3,Rpl23
Gnaq,Emc7,Mapk9,Rpl23a
Gnas,Emc8,Mapre1,Rpl24
Gnaz,Emd,Mapre1,Rpl26
Gnb1,Eme2,Mapre2,Rpl27
Gnb2,Emilin2,Mapre3,Rpl27a
Gnb5,Emilin3,Mapt,Rpl28
Gng12,Eml1,Marcks,Rpl29
Gng2,Eml2,Mark1,Rpl3
Gng3,Eml4,Mark2,Rpl30
Gng7,Eml6,Mast1,Rpl31
Gnpda1,Emsy,Mast1,Rpl32
Gnpda2,Enah,Mat2a,Rpl32-ps
Golga1,Endod1,Matn4,Rpl34
Golga3,Eno1,Mb21d2,Rpl35
Golga4,Eno2,Mbnl1,Rpl36
Golph3,Eno3,Mboat7,Rpl36a
Gopc,Ensa,Mbp,Rpl37
Gorab,Entpd4,Mccc1,Rpl37a
Gorasp2,Eny2,Mcpt4,Rpl4
Got1,Ep300,Mctp1,Rpl5
Got2,Ep400,Mctp2,Rpl6
Gpaa1,Epb41,Mdh1,Rpl7
Gpam,Epb41l1,Mdh2,Rpl7a
Gpatch8,Epb41l2,Me1,Rpl8
Gpcpd1,Epb41l3,Mecp2,Rpl9
Gpd1,Epb41l4a,Megf8,Rplp0
Gpd2,Epb41l4b,Metap2,Rplp2
Gphn,Epb41l5,Mfap2,Rprd2
Gpi,Epc1,Mff,Rps12
Gpm6a,Epdr1,Mical1,Rps13
Gpm6b,Epg5,Mical3,Rps14
Gpr158,Epha7,Micall2,Rps15a
Gpr176,Ephx1,Mindy1,Rps16
Gpr37,Ephx2,Mink1,Rps17
Gpr37l1,Epm2aip1,Mink1,Rps18
Gpr89,Epn1,Mkrn2,Rps19
Gprc5b,Epn2,Mlxip,Rps2
Gprin1,Epn3,Mmab,Rps20
Gps1,Eppk1,Mmp12,Rps21
Gps2,Eprs1,Mms19,Rps23
Gpt,Eps15,Mob1a,Rps24
Gpx4,Eps15l1,Mob2,Rps25
Gramd1a,Erbb2,Mob3b,Rps26
Gramd1b,Erbin,Mon2,Rps27a
Gramd4,Erc1,Mpg,Rps28
Grb14,Ercc1,Mpp1,Rps3
Grcc10,Ercc3,Mpped1,Rps3a
Grhpr,Ercc4,Mprip,Rps4x
Gria2,Ercc5,Mpz,Rps5
Gria3,Ercc6l,Mre11,Rps6
Grik3,Ergic1,Mrtfb,Rps6ka1
Grip1,Ergic3,Msn,Rps6ka3
Gripap1,Erh,Msn,Rps6ka5
Grk2,Eri3,Msra,Rps7
Grk6,Ermp1,Msrb3,Rps8
Grm5,Erp29,Mt3,Rps9
Grm7,Erp44,Mtch1,Rpsa
Grm8,Esf1,Mtco2,Rptn
Grpel1,Esyt1,Mtdh,Rrbp1
Grsf1,Esyt2,Mtfr1l,Rsl1d1
Gsdma,Etf1,Mthfd1,Rsrc1
Gsdme,Etfa,Mthfsd,Rtf1
Gsk3a,Etfb,Mtm1,Rtn1
Gsk3b,Ethe1,Mtm1,Rtn3
Gsn,Etnk1,Mtmr2,Rtn4
Gspt1,Evi5,Mtmr3,Rufy1
Gspt2,Evl,Mtmr6,Rufy2
Gsr,Evpl,Mtmr6,Rufy3
Gss,Ewsr1,Mtmr7,Rundc3a
Gsta2,Exd2,Mtor,Ruvbl1
Gsta4,Exo5,Mtpn,Ruvbl2
Gstm1,Exoc1,Mtrf1,S100a10
Gstm5,Exoc2,Mtss1,S100a11
Gstp1,Exoc3,Mtss1,S100a14
Gstz1,Exoc4,Mtss2,S100a16
Gtf2a1,Exoc6,Mtus1,S100a3
Gtf2i,Exoc6b,Mug1,S100a4
Gtpbp4,Exoc7,Mug2,S100a6
Guca1a,Exoc8,Mup20,Safb2
Guk1,Exosc10,Mvb12a,Samhd1
Gyg1,Exosc5,Mvp,Sar1a
Gzf1,Exosc8,Myadm,Sarg
Gzmk,Exosc9,Myh1,Sarnp
H1-0,Eya3,Myh11,Sars1
H1-2,Ezr,Myh11,Sart1
H1-4,F2,Myh11,Sart3
H1-5,Faap100,Myh14,Sav1
H2ac11,Fabp5,Myh14,Sbno1
H2az1,Fabp7,Myh6,Sbsn
H2bc14,Fads2,Myh9,Scamp1
H2bc21,Fads3,Myl12b,Scel
H2bl1,Faf1,Myl6,Scfd1
H3-3a,Faf2,Mylk,Scfd2
H4c1,Fam102a,Myo18a,Scn10a
Habp4,Fam102b,Myo1e,Scn11a
Hacd2,Fam107b,Myo5b,Scn2a
Hacd3,Fam110b,Myo6,Scrib
Hadh,Fam114a1,Myo9a,Scrn3
Hadha,Fam114a2,N4bp1,Scyl1
Hadhb,Fam117b,Naa10,Scyl2
Hagh,FAM120A,Naa25,Sdc1
Haghl,Fam120b,Naa35,Sdc4
Hal,Fam120c,Naa50,Sdha
Hap1,Fam126b,Naa80,Sdr9c7
Hapln1,Fam131b,Naca,Sec16a
Hapln2,Fam135a,Nacad,Sec22b
Hars1,Fam13b,Nans,Sec23ip
Has1,Fam149b1,Nap1l1,Sec31a
Hba,Fam162a,Nap1l1,Selenbp1
Hbb-b1,Fam168a,Nap1l4,Sephs1
Hbs1l,Fam168b,Napa,Septin11
Hcfc1,Fam169a,Napb,Septin2
Hcfc2,Fam177a1,Napg,Septin3
Hck,Fam184b,NARS1,Septin4
Hcn1,Fam187b,Nat8l,Septin5
Hcn2,Fam189b,Nav1,Septin7
Hcn3,Fam193a,Nbea,Septin9
Hdac4,Fam193b,Ncald,Serbp1
Hdac5,Fam214b,Ncam1,Serpina1a
Hdac6,Fam219a,Nccrp1,Serpina1d
Hdlbp,Fam221a,Ncdn,Serpina3b
Heatr5b,Fam222b,Nck1,Serpina3k
Hebp2,Fam234b,Nckap1,Serpinb12
Hectd1,Fam50a,Nckap5l,Serpinb2
Hectd3,Fam83h,Ncl,Serpinb5
Hecw1,Fam91a1,Ncoa7,Sestd1
Helz,Fam98a,Ncs1,Set
Hepacam,Fam98b,Ndel1,Sf1
Heph,Farp1,Ndrg1,Sf3a1
Hes1,Farp2,Ndrg2,Sf3b1
Hfm1,Farsa,Ndrg3,Sf3b3
Hgs,Farsb,Ndrg4,Sfn
Hhatl,Fasn,Ndufa12,Sfpq
Hibadh,Fat2,Ndufa5,Sfswap
Hibch,Fau,Ndufa9,Sgip1
Hid1,Faxc,Ndufaf2,Sh2d3c
Hint1,Fbf1,Ndufaf4,Sh3bgrl3
Hint2,Fbl,Ndufaf7,Sh3bp4
Hint3,Fbll1,Ndufb11,Sh3d19
Hip1,Fbln5,Ndufb3,Sh3d21
Hip1r,Fbn1,Ndufs1,Sh3gl1
Hipk2,Fbn2,Ndufs7,Sh3gl3
Hivep2,Fbxl16,Ndufv2,Sh3glb1
Hk1,Fbxl20,Nebl,Sh3glb2
Hlcs,Fbxo10,Necab1,Sh3kbp1
Hmbs,Fbxo2,Necap1,Shc1
Hmg20b,Fbxo22,Necap2,Shc2
Hmgb1,Fbxo25,Nedd4,Shtn1
Hmgcs1,Fbxo28,Nedd4,Sipa1
Hmgn5,Fbxo3,Nedd4l,Sirt2
Hmox2,Fbxo30,Nedd8,Skt
Hnrnpa0,Fbxo4,Nefh,Slain2
Hnrnpa1,Fbxo41,Nefh,Slc12a2
Hnrnpa2b1,Fbxo42,Nefh,Slc25a11
Hnrnpa3,Fbxo7,Nefl,Slc25a29
Hnrnpab,Fbxw11,Nefl,Slc25a3
Hnrnpc,Fcho2,Nefm,Slc25a4
Hnrnpd,Fchsd1,Nek1,Slc25a46
Hnrnpdl,Fchsd2,Nek3,Slc25a5
Hnrnph1,Fdps,Nek7,Slc27a4
Hnrnpk,Fech,Nek9,Slc2a1
Hnrnpl,Fem1aa,Nes,Slc35e2a
Hnrnpm,Fen1,Nexmif,Slc3a2
Hnrnpu,Fer1l5,Nexn,Slc7a14
Hnrnpul2,Fermt2,Nf1,Slc9a1
Homer1,Fga,Nf2,Slc9a3r1
Hopx,Fgd1,Nfat5,Slitrk1
Hoxd11,Fgd4,Nfia,Slk
Hp1bp3,Fgf12,Nfkb1,Slurp2
Hpca,Fgf13,Nfx1,Smap
Hpcal1,Fgfr1op2,Niban1,Smap1
Hpcal4,Fgg,Niban2,Smap2
Hprt1,Fh,Nid1,Smarca2
Hps5,Fhdc1,Nif3l1,Smarcc2
Hras,Fhip1a,Nipsnap1,Smarcd3
Hs1bp3,Fhip1b,Nit2,Smc5
Hsbp1,Fhip2a,Nme1,Smcr8
Hscb,Fhl1,Nme2,Smpd3
Hsd17b10,Fhod1,Nmt1,Smurf1
Hsd17b11,Fhod3,Nmt1,Snap25
Hsd17b12,Fig4,Nmt2,Snap29
Hsd17b4,Filip1,Nono,Snap47
Hsdl1,Fip1l1,Nono,Snap91
Hsdl2,Fitm2,Nopchap1,Snca
Hsp90aa1,Fkbp15,Nos1,Sncb
Hsp90ab1,Fkbp2,Nostrin,Sncg
Hsp90b1,Fkbp3,Npepps,Snd1
Hspa12a,Fkbp4,Nploc4,Snrnp200
Hspa1a,Fkbp5,Npm1,Snrnp27
Hspa2,Fkbp8,Nprl3,Snrnp70
Hspa4,Flad1,Nptn,Snrpb
Hspa4l,Flii,Nr3c1,Snrpd2
Hspa5,Flna,Nrbf2,Snrpd3
Hspa8,Flnb,Nrbp1,Snupn
Hspa9,Flnc,Nrbp2,Snw1
Hspb1,Flot1,Nrdc,Snx1
Hspb8,Flot2,Nrip2,Snx11
Hspbp1,Flvcr1,Nsf,Snx2
Hspd1,Flywch2,Nsfl1c,Snx3
Hspe1,Fmn1,Nucks1,Snx4
Hspg2,Fmn2,Nudc,Snx6
Hsph1,Fmnl1,Nudcd1,Snx9
Htatip2,Fmnl2,Nudcd2,Sod2
Htr1f,Fmr1,Nudcd3,Soga3
Htt,Fn1,Nudt12,Son
Huwe1,Fn3krp,Nudt2,Sorbs1
Hykk,Fnbp1,Nudt3,Sorbs2
Iap,Fnbp1l,Nudt5,Sorbs3
Iars1,Fnbp4,Nudt9,Spag9
Iars2,Fndc3a,Numb,Spart
Ica1,Fnip1,Numb,Spr
Ica1l,Focad,Numbl,Sprr1a
Ide,Foxk1,Nup214,Sprr1b
Idh1,Foxk2,Nup62,Sprr2h
Idh2,Foxo3,Nup85,Sprr4
Idh3a,Fra10ac1,Nup93,Sptan1
Idh3g,Frg1,Nutf2,Sptb
Ido1,Frk,Nutm1,Sptbn1
Iffo1,Frmd3,Nyap1,Srcin1
Ift22,Frmd4a,Nyap2,Srgap3
Iftap,Frmd4b,Ociad1,Srp68
Igbp1,Frmd6,Ocrl,Srpra
Igfn1,Frmpd4,Odf2l,Srpx
Igsf3,Frs3,Oga,Srrm1
Igsf8,Fry,Ogn,Srrm2
Ikbip,Fsd1,Ola1,Srsf1
Ikbkg,Fsd1l,Ophn1,Srsf10
Il16,Fstl1,Optn,Srsf2
Il1rap,Fth1,Osbpl10,Srsf3
Il31ra,Ftl1,Osbpl10,Srsf4
Ilf3,Fto,Osbpl11,Srsf5
Ilk,Ftsj3,Osbpl1a,Srsf6
Ilrun,Fubp1,Osbpl3,Srsf7
Immt,Fundc2,Osbpl3,Ssb
Impa1,Fus,Osbpl6,Sspo
Impa2,Fv1,Osbpl9,St13
Impact,Fxr1,Oscp1,Stam
Impdh2,Fxr2,Osmr,Stam2
Ina,Fyttd1,Ostf1,Stambp
Inf2,G3bp1,Otub1,Stambpl1
Inpp1,G3bp2,Otud4,Stat2
Inpp4a,G6pdx,Otud6b,Stat3
Inpp5b,Gab1,Oxct1,Stat6
Inpp5e,Gab2,Oxr1,Stbd1
Inpp5f,Gabarapl2,Oxsr1,Steap3
Inpp5j,Gabbr1,P33monox,Steep1
Inppl1,Gabbr2,P4hb,Stfa3
Insrr,Gabpa,Pa2g4,Stim1
Insyn1,Gak,Pabpc1,Stip1
Insyn2a,Gal3st3,Pacs1,Stk24
Ints11,Gale,Pacs1,Stk26
Ip6k1,Gamt,Pacs2,Stk38
Ipo11,Gan,Pacsin1,Stmn1
Ipo5,Ganab,Pacsin2,Stmn2
Ipo7,Ganc,Pafah1b1,Stom
Ipo9,Gap43,Paics,Stoml3
Iqcb1,Gapdh,Paip1,Stox1
Iqgap1,Gapvd1,Pak1,Strada
Iqsec1,Gar1,Pak1,Strepta
Iqsec2,Garem1,Pak2,Strn
Iqsec3,Garnl3,Palb2,Strn3
Irf2bp1,Gars1,Pald1,Stx12
Irf3,Gart,Palld,Stx7
Irgc,Gas2,Palm,Stxbp1
Irgq,Gas2l1,Palm,Stxbp3
Irs2,Gas7,Palm2,Stxbp5
Iscu,Gas8,Palm3,Sub1
Isoc1,Gatad2a,Palmd,Sugp2
Ist1,Gatad2b,Pals1,Sugt1
Isyna1,Gatd1,Pals2,Sumo2
Itch,Gatd3a,Parg,Sun1
Itgb1,Gatm,Park7,Sun2
Itgb6,Gbe1,Parva,Supt16h
Itih2,Gbp2,Parvb,Surf4
Itih3,Gbp4,Patj,Surf6
Itm2b,Gcc1,Patl1,Svil
Itpa,Gcc2,Pc,Swap70
Itpk1,Gclc,Pcbp1,Syap1
Itpkc,Gclm,Pcbp1,Sycp2
Itpr2,Gcn1,Pcbp1,Syn1
Itsn1,Gda,Pcbp2,Syn2
Itsn2,Gdap1,Pcbp2,Syncrip
Ivd,Gdap1l1,Pcbp3,Syne2
Jagn1,Gdi1,Pcca,Syngap1
Jak1,Gdi2,Pccb,Syngr3
Jakmip3,Gemin5,Pclo,Synj1
Jam2,Gemin8,Pcmt1,Synm
Jam3,Get3,Pcna,Synpo
Jcad,Get4,Pcnp,Synpo2
Jmy,Gfm1,Pcnt,Synrg
Jpt1,Gfod2,Pcolce2,Syp
Jpt2,Gfpt1,Pcp4,Sypl1
Jup,Gga1,Pcp4l1,Syt7
Kank2,Gga2,Pctp,Sytl4
Kank4,Gga3,Pcyt1b,Tacc1
Kars1,Ggn,Pcyt2,Tacc2
Katnal1,Ggt7,Pdap1,Taf1
Katnal2,Ghitm,Pdcd10,Taf9
Katnb1,Gid8,Pdcd4,Tagln
Katnip,Gigyf1,Pdcd5,Tagln2
Kazn,Gigyf2,Pdcd6ip,Tagln3
Kbtbd12,Gipc1,Pdcl,Taldo1
Kbtbd3,Git1,Pdcl3,Tanc1
Kcna1,Git2,Pde11a,Tanc2
Kcna2,Gjc3,Pde1c,Tank
Kcna4,Gk,Pde4c,Tardbp
Kcna6,Gkap1,Pdha1,Tars1
Kcnab1,Glcci1,Pdia3,Tbc1d10b
Kcnab2,Gle1,Pdia4,Tbc1d17
Kcnb1,Glmn,Pdia6,Tbc1d22a
Kcnb2,Glo1,Pdilt,Tbc1d4
Kcnc1,Glod4,Pdk3,Tbc1d5
Kcnc2,Glrx2,Pdlim1,Tbc1d8
Kcnc3,Glrx3,Pdlim4,Tbc1d8b
Kcnd1,Gls,Pdlim5,Tbc1d9b
Kcnd3,Gls2,Pdlim7,Tbcb
Kcnh1,Glud1,Pdxdc1,Tbcd
Kcnj10,Glul,Pdzd8,Tbcel
Kcnj11,Glyr1,Pea15,Tcerg1
Kcnma1,Gm11992,Peak1,Tcof1
Kcnq2,Gmds,Pebp1,Tcp1
Kcnt1,Gmeb2,Pepd,Tcp11l1
Kctd16,Gmfb,Pex14,Tdrp
Kctd20,Gmpr,Pex19,Tecr
Kctd8,Gmps,Pex5,Tex2
Kctd9,Gna12,Pex5l,Tf
Kdsr,Gna14,Pfdn2,Tgfb1i1
Khdc4,Gnai2,Pfdn5,Tgfbi
Khnyn,Gnao1,Pfdn6,Tgm1
Khsrp,Gnas,Pfkfb1,Tgm2
Kiaa0100,Gnb1,Pfkfb2,Tgm3
Kiaa0513,Gnb5,Pfkl,Tgoln1
Kiaa1107,Gne,Pfkl,Them5
Kiaa1109,Gng2,Pfkl,Thop1
Kiaa1671,Gng3,Pfkl,Thrap3
Kiaa1841,Gng7,Pfkm,Thsd7a
Kif13a,Gnl1,Pfkp,Thumpd1
Kif16b,Gnl3l,Pfn1,Tigar
Kif1a,Gnpda1,Pgam1,Timm17b
Kif20b,Gnpda2,Pgd,Timm44
Kif21a,Gnrhr,Pgk1,Tiprl
Kif21b,Golga1,Pgk1,Tjp1
Kif2a,Golga2,Pgk2,Tjp2
Kif3a,Golga3,Pgls,Tkt
Kif3b,Golga4,Pgm2,Tln1
Kif5a,Golga5,Pgm2l1,Tln2
Kif5b,Golph3,Pgrmc2,Tmed10
Kif5c,Golph3l,Phactr1,Tmem165
Kifap3,Golt1b,Phactr1,Tmem263
Kit,Gopc,Phactr3,Tmem79
Klc1,Gorab,Phactr4,Tmod1
Klc2,Gorasp1,Phaf1,Tmod2
Klhl11,Gorasp2,Phb,Tmod3
Klhl20,Gosr1,Phb2,Tmpo
Klhl9,Gosr2,Phf24,Tmprss13
Kmt2a,Got1,Phgdh,Tnks1bp1
Knl1,Got2,Phyhipl,Tnpo1
Kpna1,Gpaa1,Pi4k2a,Tnpo2
Kpna3,Gpalpp1,Pi4kb,Tns2
Kpna6,Gpam,Picalm,Tollip
Kpnb1,Gpat4,Picalm,Tom1
Kras,Gpatch1,Pick1,Tom1l2
Krt1,Gpatch11,Piezo2,Tomm20
Krt10,Gpatch4,Pigu,Top1
Krt12,Gpatch8,Pik3c2g,Top2b
Krt13,Gpbp1,Pik3c3,Top3b
Krt14,Gpbp1l1,Pik3ca,Tpd52
Krt15,Gpcpd1,Pik3cd,Tpd52l2
Krt16,Gpd1,Pik3r4,Tpgs2
Krt17,Gpd1l,Pik3r5,Tpi1
Krt18,Gpd2,Pikfyve,Tpm1
Krt19,Gphn,Pip4k2a,Tpm2
Krt2,Gpi,Pip4k2a,Tpm3
Krt222,Gpkow,Pip4k2b,Tpm4
Krt25,Gpm6b,Pip4k2c,Tppp3
Krt28,Gpn1,Pip5k1c,Tpr
Krt31,Gpr158,Pir,Tra2a
Krt33b,Gpr89,Pitpna,Tra2b
Krt35,Gprasp1,Pitpnc1,Trap1
Krt4,Gprasp2,Pitpnm1,Trappc12
Krt42,Gprc5c,Pitpnm2,Trappc9
Krt5,Gprin1,Pkm,Trarg1
Krt6a,Gprin3,Pkn2,Trim25
Krt6b,Gps1,Pkp1,Trim28
Krt71,Gps2,Pkp3,Trim29
Krt72,Gpt,Plaa,Trim47
Krt73,Gpx1,Plcb1,Trim56
Krt75,Gpx4,Plcb3,Trip12
Krt76,Gramd1a,Plec,Trps1
Krt77,Gramd1b,Plekha2,Trpv1
Krt79,Gramd2a,Plekha6,Tspyl5
Krt8,Grb14,Plekhd1,Ttc1
Krt80,Grcc10,Plekho2,Ttc16
Krt81,Grhpr,Plin1,Tuba1a
Krt82,Gria1,Plin3,Tuba4a
Krt84,Gria2,Plin4,Tuba8
Krt85,Grid2ip,Plk5,Tubal3
Ksr1,Grip1,Plp1,Tubb2a
Ksr2,Gripap1,Plp2,Tubb3
Ktn1,Grk2,Plpbp,Tubb4a
L1cam,Grk6,Plpp3,Tubb4b
Lama4,Grpel1,Pls1,Tubb5
Lamb2,Grsf1,Pls1,Tufm
Lamc1,Gsdmd,Pls3,Tuft1
Lamp1,Gsdme,Plscr3,TurboID
Lamtor1,Gsk3a,Pmp2,Twf1
Lamtor3,Gsk3b,Polr2h,Twf2
Lancl1,Gsn,Polr3b,Txn
Lancl2,Gspt1,Postn,Txndc17
Lancl3,Gspt2,Ppa1,Txnl1
Lap3,Gsr,Ppa2,Txnrd1
Larp1,Gss,Ppef1,U2af2
Larp6,Gstm5,Ppfia2,U2surp
Lars1,Gsto1,Ppfia3,Uba1
Las1l,Gstp1,Ppia,Uba6
Lasp1,Gstz1,Ppib,Ubap2
Lbh,Gtf2a1,Ppid,Ubap2l
Lbr,Gtf2b,Ppil3,Ubash3b
Lclat1,Gtf2e1,Ppip5k1,Ube2g1
Lcp1,Gtf2e2,Ppip5k1,Ube2m
Ldah,Gtf2f2,Ppip5k2,Ube2n
Ldb3,Gtf2h1,Ppl,Ube2o
Ldha,Gtf2h3,Ppm1a,Ube2v1
Ldhb,Gtf2h5,Ppm1b,Ubl4a
Lemd3,Gtf2i,Ppm1e,Ublcp1
Leprot,Gtf3c1,Ppme1,Ubtf
Leprotl1,Gtf3c4,Ppp1ca,Uchl1
Letm1,Gtf3c5,Ppp1ca,Ugp2
Lgals1,Gtpbp1,Ppp1cb,Uhrf1bp1l
Lgals8,Gtpbp4,Ppp1cc,Unc45a
Lgi1,Guk1,Ppp1r11,Upf1
Lgi3,Gulp1,Ppp1r12a,Upk1b
Limch1,Gyg1,Ppp1r12b,Uqcrc2
Limd1,Gys1,Ppp1r12c,Usp14
Limd2,Gzmg,Ppp1r13l,Usp15
Lims1,H1-0,Ppp1r18,Usp45
Llgl1,H1-2,Ppp1r1a,Usp47
Lmcd1,H1-3,Ppp1r1c,Usp5
Lmf2,H1-4,Ppp1r2,Usp7
Lmna,H1-5,Ppp1r21,Usp8
Lmnb1,H2ac11,Ppp1r3f,Utp14a
Lnpep,H2az1,Ppp1r7,Uvssa
Lnpk,H2bc12,Ppp2r1a,Vamp2
Lonp1,H2bc14,Ppp2r5b,Vapa
Loxl1,H2bc21,Ppp2r5c,Vapb
Loxl4,H2bu1,Ppp2r5e,Vars1
Lpcat1,H3-3a,Ppp3ca,Vasp
Lpcat4,H4c1,Ppp3ca,Vat1
Lpgat1,Habp4,Ppp3ca,Vcl
Lpin1,Hacd2,Ppp3cb,Vcp
Lpp,Hacd3,Ppp3cc,Vcpip1
Lrba,Hadh,Ppp3r1,Vdac1
Lrch1,Hadha,Ppp4r4,Vdac2
Lrch3,Hadhb,Ppp6r1,Vdac3
Lrch4,Hagh,Ppp6r2,Vim
Lrmda,Haghl,Ppp6r3,Vipas39
Lrp1,Hal,Praf2,Vps13a
Lrpprc,Hap1,Prdx1,Vps13c
Lrrc40,Hars1,Prdx1,Vps16
Lrrc47,Has1,Prdx2,Vps26a
Lrrc49,Hba,Prdx4,Vps26c
Lrrc4b,Hbb-b1,Prdx5,Vps35
Lrrc57,Hbs1l,Prdx6,Vps37a
Lrrc59,Hcfc1,Preb,Vps37c
Lrrc7,Hcfc2,Prelp,Vps4b
Lrrc8a,Hck,Prep,Vps8
Lrrc8e,Hcls1,Prex1,Vsnl1
Lrrfip1,Hcn1,Prkaa1,Vwa5a
Lrrfip2,Hcn3,Prkab2,Wasf2
Lrrn1,Hcn4,Prkaca,Washc2
Lrsam1,Hdac1,Prkag2,Wasl
Lsamp,Hdac2,Prkar2a,Wbp2
Lsm11,Hdac3,Prkar2a,Wdr1
Lsm12,Hdac4,Prkar2b,Wdr20
Lsm4,Hdac5,Prkca,Wdr44
Lsm7,Hdac6,Prkcb,Wdr7
Lsmem1,Hdac9,Prkcd,Wdr70
Lta4h,Hddc2,Prkcd,Wipf3
Ltbp4,Hdgf,Prkce,Wipi1
Luc7l2,Hdgfl2,Prkcq,Wipi2
Luc7l3,Hdgfl3,Prkg1,Wnk1
Luzp1,Hdhd2,Prl7c1,Wrnip1
Lxn,Hdlbp,Prmt1,Xab2
Lyar,Heatr5b,Prmt5,Xdh
Lypla2,Heatr6,Prmt7,Xrn1
Lyplal1,Hebp2,Prmt8,Ybx3
Lyrm1,Hectd1,Prmt9,Yeats2
Lysmd1,Hectd3,Prpf8,Ykt6
Lysmd2,Hecw1,Prph,Yod1
Lyst,Hells,Prph,Ythdf1
Lyz1,Helz,Prpsap2,Ywhab
Lzic,Hepacam,Prrc2a,Ywhae
Lztfl1,Herc2,Prrc2c,Ywhaz
Lztr1,Hes1,Prrt2,Zc2hc1a
Lzts3,Hexim1,Prss2,Zc3h14
Macf1,Hgs,Prune1,Zc3h4
MACIR,Hhatl,Prune2,Zc3hav1
Maco1,Hibadh,Prx,Zcchc17
Macrod2,Hibch,Prxl2a,Zdhhc3
Macroh2a1,Hid1,Prxl2b,Zeb2
Macroh2a2,Hint1,Psd3,Zfp91
Madd,Hint2,Psma1,Zfyve16
Mag,Hint3,Psma3,Zg16
Maged1,Hip1,Psma4,Zhx1
Magi1,Hip1r,Psma5,Znf148
Magi2,Hipk2,Psma6,Znf185
Magi3,Hira,Psma7,Znf207
Magoh,Hivep2,Psmb1,Znf22
Maip1,Hivep3,Psmb2,Znf512
Mal2,Hk1,Psmb4,Znf598
Maoa,Hlcs,Psmb6,Znf638
Maob,Hltf,Psmb7,Znrf3
Map1a,Hmbox1,Psmc1,Zranb2
Map1b,Hmbs,Psmc2,Zyx
Map1lc3a,Hmg20b,Psmc3,
Map1s,Hmga1,Psmc5,
Map2,Hmgb1,Psmd1,
Map2k1,Hmgb3,Psmd13,
Map2k2,Hmgcr,Psmd14,
Map2k4,Hmgcs1,Psmd2,
Map2k6,Hmgcs2,Psmd3,
Map2k7,Hmgn2,Psmd5,
Map3k20,Hmox1,Psmd6,
Map3k3,Hmox2,Psmd7,
Map3k4,Hnrnpa0,Psmd9,
Map3k5,Hnrnpa1,Psme1,
Map3k6,Hnrnpa2b1,Psme3,
Map3k7,Hnrnpa3,Ptbp1,
Map4,Hnrnpab,Pten,
Map4k1,Hnrnpc,Ptges3,
Map4k3,Hnrnpd,Ptgir,
Map4k4,Hnrnpdl,Ptgs1,
Map4k5,Hnrnpf,Ptk2b,
Map6,Hnrnph1,Ptpa,
Map7,Hnrnph2,Ptpn11,
Map7d1,Hnrnpk,Ptpn12,
Map7d2,Hnrnpl,Ptpn23,
Mapk1,Hnrnpll,Ptprf,
Mapk10,Hnrnpm,Puf60,
Mapk13,Hnrnpu,Purb,
Mapk3,Hnrnpul1,Pvalb,
Mapk8ip3,Hnrnpul2,Pycr3,
Mapk9,Homer1,Pygb,
Mapkapk5,Homer2,Pygb,
Mapre1,Homez,Pygm,
Mapre2,Hook1,Pym1,
Mapre3,Hook2,Qars1,
Mapt,Hook3,R3hcc1,
Marchf11,Hopx,R3hcc1l,
Marchf5,Hp1bp3,Rab10,
Marcks,Hpca,Rab11a,
Marf1,Hpcal1,Rab11b,
Mark1,Hprt1,Rab11fip2,
Mark2,Hps5,Rab11fip5,
Mark3,Hpx,Rab14,
Mark4,Hrh1,Rab15,
Mars1,Hs1bp3,Rab18,
Mast1,Hsbp1,Rab1A,
Mat2b,Hscb,Rab21,
Matn4,Hsd17b11,Rab23,
Matr3,Hsd17b12,Rab25,
Mavs,Hsd17b4,Rab28,
Mb21d2,Hsdl1,Rab2a,
Mbnl1,Hsdl2,Rab32,
Mboat7,Hsf1,Rab3a,
Mbp,Hsp90aa1,Rab3c,
Mcam,Hsp90ab1,Rab3gap1,
Mccc1,Hsp90b1,Rab3gap2,
Mccc2,Hspa12a,Rab5a,
Mcf2l,Hspa1a,Rab6a,
Mcrip1,Hspa2,Rab6b,
Mctp1,Hspa4,Rab7a,
Mctp2,Hspa4l,Rab9b,
Mcu,Hspa5,Rabep1,
Mdh1,Hspa8,Rabgap1,
Mdh2,Hspa9,Rabgap1,
Me1,Hspb1,Rabgap1l,
Me2,Hspb11,Rabgef1,
Mea1,Hspb8,Rabl6,
Mecp2,Hspbap1,Rac1,
Med12l,Hspbp1,Rack1,
Meioc,Hspd1,Rad23b,
Meltf,Hspe1,Raf1,
Metap1,Hspg2,Rai14,
Metap2,Hsph1,Rala,
Mff,Htatip2,Ralbp1,
Mfhas1,Htatsf1,Ralgapa1,
Mfn2,Htr1f,Ralgps2,
Mfsd6,Htt,Raly,
Mgst1,Huwe1,Ralyl,
Mgst3,Hyou1,Ran,
Mib1,Hypk,Ranbp1,
Mical1,Iap,Ranbp9,
Mical3,Iars1,Rangap1,
Micall1,Iars2,Rap1a,
Micall2,Ibtk,Rap1gap,
Mief1,Ica1,Rap1gap,
Mif,Ica1l,Rap1gap2,
Miga1,Ice1,Rap1gds1,
Miga2,Ice2,Rapgef2,
Minar1,Ide,Rara,
Mindy1,Idh1,Rars1,
Mindy2,Idh3a,Rasgrf2,
Mink1,Idh3g,Rasgrp1,
Mios,Idi1,Rassf5,
Mkln1,Ido1,Rbm14,
Mknk1,Iffo1,Rbm17,
Mkrn2,Ifit1,Rbmx,
Mlc1,Ift122,Rbsn,
Mlip,Ift140,Rbx1,
Mlxip,Ift172,Rcan2,
Mms19,Ift20,Rcbtb1,
Mmtag2,Ift22,Rcc2,
Mndal,Ift43,Rcsd1,
Mob1a,Ift46,Rdx,
Mob2,Ift52,Reep1,
Mob3a,Ift57,Reep5,
Mob3b,Iftap,Rel,
Mob4,Igbp1,Relch,
Mobp,Igf2r,Renbp,
Mog,Ighmbp2,Reps1,
Mon2,Igsf11,Reps1,
Mpc1,Ik,Reps2,
Mpc2,Ikbkb,Retreg1,
Mpdu1,Ikbkg,Retreg2,
Mpdz,Il1rl1,Rexo2,
Mpi,Il31ra,Rfk,
Mpp1,Ilf2,Rgl2,
Mpped2,Ilf3,Rgs3,
Mprip,Ilk,Rgs7,
Mpz,Ilkap,Rheb,
Mre11,Ilrun,Rhoa,
Mri1,Immt,Ric8a,
Mroh2a,Impa1,Ric8b,
Mrpl58,Impa2,Rictor,
Mrps22,Impact,Rida,
Mrps27,Impdh1,Rimkla,
Mrps31,Impdh2,Rims1,
Mrps36,Ina,Rint1,
Mrs2,Inf2,Riok3,
Mrtfa,Ing3,Ripor1,
Mrtfb,Inip,Rnf123,
Msl3,Inpp1,Rnf135,
Msn,Inpp4a,Rnf214,
Msra,Inpp5b,Rnf25,
Msrb2,Inpp5e,Rnf7,
Msrb3,Inpp5f,RO60,
Msto1,Inpp5j,Robo2,
Mt-Cyb,Inppl1,Robo3,
Mt3,Insrr,Rock2,
Mtarc2,Ints1,Rpa1,
Mtatp6,Ints10,Rpap3,
Mtatp8,Ints12,Rph3a,
Mtch1,IntS13,Rpl10a,
Mtch2,Ints4,Rpl11,
Mtco2,Ints6,Rpl12,
Mtdh,Ints7,Rpl13,
Mtfp1,Ints9,Rpl13a,
Mtfr1l,Ip6k1,Rpl14,
Mthfd1,Ipo11,Rpl15,
Mthfd1l,Ipo7,Rpl18,
Mthfsd,Ipo9,Rpl18a,
Mtif2,Iqcb1,Rpl19,
Mtm1,Iqgap1,Rpl22,
Mtmr12,Iqgap2,Rpl23,
Mtmr2,Iqsec1,Rpl23a,
Mtmr3,Iqsec2,Rpl24,
Mtmr4,Iqsec3,Rpl26,
Mtmr6,Irag1,Rpl27,
Mtmr7,Irak1,Rpl27a,
Mtmr9,Irak3,Rpl28,
Mtnd1,Irf2bpl,Rpl29,
Mtnd2,Irf3,Rpl3,
Mtnd3,Irgq,Rpl30,
Mtnd4,Irs1,Rpl31,
Mtnd5,Irs2,Rpl32,
Mtor,Iscu,Rpl34,
Mtpn,Isg15,Rpl35,
Mtrf1,Isl1,Rpl35a,
Mtss1,Isl2,Rpl36,
Mtss2,Isoc1,Rpl36a,
Mtus1,Ist1,Rpl37,
Mtx2,Isy1,Rpl4,
Muc4,Isyna1,Rpl5,
Mug2,Itga6,Rpl6,
Mustn1,Itgb1,Rpl7,
Mvb12a,Itgb1bp1,Rpl7a,
Mvb12b,Itgb4,Rpl8,
Mvd,Itgb6,Rpl9,
Mvp,Itih2,Rplp0,
Mxd1,Itih3,Rplp2,
Mxra7,Itln1,Rpn1,
Myadm,Itm2b,Rps10,
Mycbp2,Itm2c,Rps12,
Myd88,Itpk1,Rps13,
Myef2,Itpkc,Rps14,
Myg1,Itpr2,Rps15a,
Myh10,Itpr3,Rps16,
Myh11,Itprid2,Rps17,
Myh14,Itsn1,Rps18,
Myh9,Itsn2,Rps19,
Myl12b,Ivns1abp,Rps2,
Myl6,Iws1,Rps20,
Myl6b,Jade3,Rps23,
Mylk,Jagn1,Rps25,
Myo10,Jak1,Rps26,
Myo18a,Jakmip1,Rps27a,
Myo1d,Jakmip3,Rps28,
Myo1e,Jam3,Rps3,
Myo5a,Jcad,Rps3a,
Myo6,Jhy,Rps4x,
Myo9a,Jmjd1c,Rps5,
Myo9b,Jmy,Rps6,
Myoc,Jph1,Rps6ka1,
N4bp1,Jph3,Rps6ka1,
Naa25,Jph4,Rps6ka2,
Naa30,Jpt1,Rps6ka3,
Naa35,Jpt2,Rps6kb1,
Naa50,Jup,Rps6kc1,
Naa80,Kalrn,Rps7,
Naca,Kank2,Rps8,
Nacad,Kank4,Rps9,
Nadk2,Kars1,Rpsa,
Nae1,Kat14,Rraga,
Nans,Kat2a,Rragc,
Nap1l1,Katnal1,Rragc,
Nap1l2,Katnal2,Rragd,
Nap1l4,Katnb1,Rras,
Nap1l5,Katnip,Rrbp1,
Napa,Kazn,Rreb1,
Napb,Kbtbd4,Rrm2b,
Napepld,Kcmf1,Rsu1,
Napg,Kcna1,Rtcb,
NARS1,Kcna2,Rtkn,
Nat8l,Kcna3,Rtn1,
Nav1,Kcna6,Rtn3,
Naxd,Kcnab2,Rtn4,
Nbea,Kcnb1,Rufy1,
Ncald,Kcnb2,Rufy2,
Ncam1,Kcnc1,Rufy2,
Ncam2,Kcnc3,Rufy3,
Ncdn,Kcnc4,Rundc3a,
Nceh1,Kcnd1,Rundc3b,
Nck1,Kcnd3,Ruvbl1,
Nck2,Kcng3,Ruvbl2,
Nckap1,Kcnh2,Rwdd3,
Nckap5l,Kcnh5,Rwdd4,
Nckipsd,Kcnh7,Ryr2,
Ncl,Kcnj10,S100a10,
Ncoa1,Kcnj11,S100a11,
Ncoa6,Kcnma1,S100a13,
Ncoa7,Kcnq2,S100a14,
Ncor2,Kcnq3,S100a16,
Ncs1,Kcnq4,S100a4,
Nde1,Kcnq5,S100a6,
Ndel1,Kcns1,Sacm1l,
Ndrg1,Kcnt1,Safb,
Ndrg2,Kct2,Samd14,
Ndrg3,Kctd16,Samhd1,
Ndrg4,Kctd2,Sar1a,
Ndufa10,Kctd8,Sar1a,
Ndufa11,Kctd9,Sarg,
Ndufa12,Kdm3b,Sars1,
Ndufa13,Kdm5c,Sart3,
Ndufa2,Kdm6a,Scamp1,
Ndufa3,Kdsr,Scfd1,
Ndufa4,Keap1,Scfd2,
Ndufa5,Khdc4,Scn9a,
Ndufa7,Khdrbs1,Scrib,
Ndufa9,Khdrbs2,Scrn1,
Ndufaf2,Khdrbs3,Scrn3,
Ndufaf4,Khk,Scyl1,
Ndufaf7,Khnyn,Scyl2,
Ndufb10,Khsrp,Sdcbp,
Ndufb11,Kiaa0100,Sdha,
Ndufb3,Kiaa0232,Sec22b,
Ndufb4,Kiaa0319,Sec24a,
Ndufb5,Kiaa0319l,Sec31a,
Ndufb7,Kiaa0513,Selenbp1,
Ndufb8,Kiaa0754,Sema5b,
Ndufb9,Kiaa1107,Senp7,
Ndufc2,Kiaa1109,Septin11,
Ndufs1,Kiaa1522,Septin11,
Ndufs2,Kiaa1671,Septin2,
Ndufs3,Kiaa1841,Septin3,
Ndufs4,Kif13a,Septin4,
Ndufs5,Kif14,Septin5,
Ndufs6,Kif15,Septin6,
Ndufs7,Kif16b,Septin7,
Ndufs8,Kif17,Septin9,
Ndufv1,Kif1a,Serbp1,
Ndufv2,Kif1b,Serpina1a,
Ndufv3,Kif21a,Serpina3k,
Nebl,Kif2a,Serpinb1a,
Necab2,Kif3a,Serpinb1b,
Necap1,Kif3b,Serpinb5,
Necap2,Kif5a,Serpinb6,
Nectin1,Kif5b,Sestd1,
Nectin2,Kif5c,Set,
Nectin3,Kif7,Setbp1,
Nedd4,Kifap3,Setd7,
Nedd4l,Kin,Sf3a1,
Nedd8,Kiz,Sf3b1,
Nefh,Klc1,Sf3b3,
Nefl,Klc2,Sfn,
Nefm,Klhdc4,Sfn,
Negr1,Klhl11,Sfpq,
Nek1,Klhl9,Sft2d2,
Nek10,Kmt2a,Sgip1,
Nek3,Kmt2c,Sgsm1,
Nek4,Kmt2e,Sh3bgrl3,
Nek7,Kndc1,Sh3bp4,
Nek9,Knl1,Sh3bp5l,
Nelfe,Knop1,Sh3d21,
Neo1,Kpna1,Sh3gl1,
Nexn,Kpna3,Sh3gl1,
Nf1,Kpna6,Sh3gl2,
Nf2,Kpnb1,Sh3glb1,
Nfasc,Kri1,Sh3glb1,
Nfat5,Krit1,Sh3glb2,
Nfia,Krt1,Sh3pxd2a,
Nfix,Krt10,Shc1,
Nfkb1,Krt12,Shc2,
Nfs1,Krt13,Shd,
Nfx1,Krt14,Shisa4,
Ngly1,Krt15,Shld1,
Niban1,Krt16,Shoc2,
Niban2,Krt17,Shroom4,
Nid1,Krt18,Shtn1,
Nid2,Krt19,Sipa1,
Nif3l1,Krt2,Sipa1l1,
Nin,Krt222,Sirpa,
Nipa1,Krt23,Sirt2,
Nipal3,Krt31,Skp1,
Nipsnap1,Krt35,Skt,
Nipsnap2,Krt4,Slain2,
Nisch,Krt42,Slc12a2,
Nit2,Krt5,Slc16a1,
Nkap,Krt6a,Slc22a21,
Nlgn2,Krt72,Slc22a22,
Nme1,Krt73,Slc25a11,
Nme2,Krt75,Slc25a29,
Nmi,Krt76,Slc25a3,
Nmt1,Krt77,Slc25a4,
Nmt2,Krt79,Slc25a4,
Nod1,Krt8,Slc25a46,
Nodal,Krt80,Slc25a5,
Nomo1,Krt85,Slc27a4,
Nono,Krtcap2,Slc2a1,
Nop56,Ksr1,Slc2a3,
Nopchap1,Ksr2,Slc30a9,
Nos1,Kti12,Slc36a2,
Nova1,Ktn1,Slc3a2,
Npepps,Kxd1,Slc44a1,
Nploc4,L1cam,Slc44a2,
Npm1,Lage3,Slc5a1,
Npr2,Lama1,Slc5a4a,
Nprl3,Lama2,Slc7a14,
Nptn,Lamb1,Slc7a5,
Nr3c1,Lamb2,Slc7a6os,
Nr4a3,Lamc1,Slc9a1,
Nrbf2,Lamtor1,Slc9a3r1,
Nrbp1,Lamtor3,Slk,
Nrbp2,Lamtor5,Slk,
Nrg3,Lancl1,Smad2,
Nrip2,Lancl3,Smap1,
Nrk,Lap3,Smap1,
Nrsn1,Larp1,Smap2,
Nrxn1,Larp4,Smarcd3,
Nrxn3,Larp4b,Smc1a,
Nsd2,Larp6,Smchd1,
Nsdhl,Larp7,Smcr8,
Nsf,Lars1,Sms,
Nsfl1c,Las1l,Smurf1,
Nsmf,Lasp1,Snap25,
Nt5c2,Lats1,Snap29,
Ntmt1,Lats2,Snap47,
Ntrk1,Lbh,Snap91,
Ntrk3,Lbr,Snapin,
Nuak1,Lcorl,Snca,
Nucks1,Lcp1,Snca,
Nudc,Ldah,Sncb,
Nudcd1,Ldb1,Sncb,
Nudcd2,Ldb2,Sncg,
Nudcd3,Ldb3,Snd1,
Nudt12,Ldha,Snf8,
Nudt13,Ldhb,Snph,
Nudt16,Lemd3,Snrnp200,
Nudt2,Leprot,Snrnp70,
Nudt21,Leprotl1,Snrpd2,
Nudt3,Letm1,Snrpd3,
Nudt5,Lgals1,Snrpn,
Nudt9,Lgals8,Snta1,
Nufip2,Lgals9,Snupn,
Numb,Lgmn,Snx1,
Numbl,Lgr6,Snx1,
Nup214,Lifr,Snx11,
Nup54,Lig3,Snx12,
Nup58,Lima1,Snx12,
Nup62,Limch1,Snx13,
Nup85,Limd1,Snx16,
Nup93,Limk2,Snx19,
Nup98,Lims1,Snx2,
Nwd2,Lims2,Snx3,
Nxf1,Lin28b,Snx6,
Nyap1,Lin54,Snx7,
Nyap2,Lin7a,Snx9,
Oat,Lkaaear1,Sod1,
Obi1,Llgl1,Soga3,
Ociad1,Lman1,Sorbs1,
Ocrl,Lman2l,Sorbs1,
Odf2l,Lmcd1,Sorbs2,
Oga,Lmna,Sord,
Ogdh,Lmnb1,Sos1,
Ogt,Lmnb2,Spag7,
Ola1,Lnpep,Spag9,
Omg,Lnpk,Spart,
Opa1,Lonp1,Spast,
Opa3,Loxl1,Spata2,
Ophn1,Lpcat1,Spata21,
Optn,Lpcat4,Spata5,
Osbp,Lpgat1,Spats2,
Osbpl10,Lpin1,Specc1l,
Osbpl11,Lpp,Spen,
Osbpl1a,Lrba,Spr,
Osbpl2,Lrch1,Sprr1a,
Osbpl3,Lrch2,Sprr1b,
Osbpl6,Lrch3,Sprr2b,
Osbpl8,Lrch4,Spryd4,
Osbpl9,Lrif1,Spta1,
Oscp1,Lrmda,Sptan1,
Osmr,Lrp1,Sptbn1,
Ostc,Lrpap1,Sqor,
Ostf1,Lrrc42,Sqstm1,
Otof,Lrrc45,Srcin1,
Otub1,Lrrc47,Srgap1,
Otud4,Lrrc49,Srgap1,
Otud6b,Lrrc4b,Srgap2,
Otud7a,Lrrc57,Srgap3,
Otud7b,Lrrc59,Srm,
Ovch2,Lrrc71,Srp54,
Ovos,Lrrc8a,Srp68,
Oxct1,Lrrfip1,Srpra,
Oxr1,Lrrfip2,Srrm1,
Oxsm,Lrrk2,Srsf1,
Oxsr1,Lrrn1,Srsf2,
P33monox,Lrrn3,Srsf3,
P4hb,Lrsam1,Srsf4,
Paat,Lsg1,Srsf5,
Pabir1,Lsm11,Srsf7,
Pabpc1,Lsm12,Ssc5d,
Pacs1,Lsm14a,Ssh2,
Pacs2,Lsm14b,Ssr4,
Pacsin1,Lsm2,Ssrp1,
Pacsin2,Lsm4,St13,
Padi2,Lsm5,St6galnac1,
Padi6,Lsm7,Stac,
Pafah1b1,Ltbp1,Stac2,
Pafah1b2,Ltbp4,Stam,
Pag1,Ltv1,Stam,
Pagr1a,Luc7l,Stam2,
Paics,Luc7l2,Stambp,
Paip1,Luc7l3,Stambpl1,
Pak1,Lum,Stard10,
Pak2,Lurap1l,Stard13,
Pak3,Luzp1,Stat1,
Pak4,Lxn,Stat2,
Pak5,Lyar,Stat3,
Pald1,Lypla2,Stat6,
Palld,Lyplal1,Stau1,
Palm,Lyrm1,Stbd1,
Palm2,Lyrm4,Steap3,
Palm3,Lysmd1,Stim1,
Palmd,Lysmd2,Stip1,
Pals1,Lyst,Stk10,
Pals2,Lyz1,Stk24,
Pam16,Lzic,Stk24,
Pank3,Lztfl1,Stk25,
Pank4,Lztr1,Stk38l,
Panx2,Macf1,Stk39,
Papss2,MACIR,Stmn1,
Pard3,Maco1,Stmn1,
Parg,Macrod2,Stmn2,
Park7,Macroh2a1,Stmn3,
Parp12,Macroh2a2,Stom,
Parp14,Mad1l1,Stoml3,
Parp4,Madd,Strada,
Parva,Maged1,Strap,
Parvb,Magee1,Strepta,
Patj,Magi1,Strip1,
Patl1,Magi2,Strn,
Pawr,Magi3,Strn,
Pax5,Magoh,Strn3,
Pc,Maip1,Strn3,
Pcbp1,Mal2,Strn4,
Pcbp2,Man2c1,Stub1,
Pcbp3,Maoa,Stx17,
Pcca,Map1a,Stx18,
Pccb,Map1b,Stx1b,
Pcdha4,Map1lc3a,Stx1b,
Pcdha7,Map1s,Stx2,
Pcdhga4,Map2,Stx7,
Pclo,Map2k1,Stxbp1,
Pcmt1,Map2k2,Stxbp5,
Pcnp,Map2k4,Stxbp5,
Pcnx1,Map2k6,Stxbp5l,
Pcolce2,Map2k7,Stxbp6,
Pcp4,Map3k1,Styx,
Pcp4l1,Map3k20,Sub1,
Pcsk1n,Map3k3,Sucla2,
Pctp,Map3k4,Sugt1,
Pcyox1l,Map3k5,Sulf1,
Pcyt1b,Map3k7,Sult4a1,
Pcyt2,Map4,Sumo2,
Pdap1,Map4k1,Supt16h,
Pdcd4,Map4k3,Surf4,
Pdcd5,Map4k4,Swap70,
Pdcd6ip,Map4k5,Syap1,
Pdcl,Map6,Syn1,
Pdcl3,Map7,Syn1,
Pde10a,Map7d1,Syn2,
Pde11a,Map7d2,Sync,
Pde1a,Map9,Syncrip,
Pde1b,Mapk1,Syne3,
Pde1c,Mapk10,Syngr3,
Pde2a,Mapk11,Synj1,
Pde4a,Mapk14,Synm,
Pde4c,Mapk3,Synpo,
Pde4d,Mapk4,Synrg,
Pdgfra,Mapk8ip2,Syp,
Pdgfrb,Mapk8ip3,Syt4,
Pdha1,Mapk9,Syt6,
Pdhb,Mapkap1,Syt7,
Pdhx,Mapre1,Sytl2,
Pdia3,Mapre2,Tab1,
Pdia4,Mapre3,Tab3,
Pdilt,Mapt,Tacc1,
Pdk2,Marchf11,Tacc1,
Pdk3,MARCHF2,Tacc2,
Pdlim1,Marchf5,Tagln,
Pdlim4,Marchf8,Tagln,
Pdlim5,Marcks,Tagln2,
Pdp1,Marcksl1,Tagln2,
Pdxdc1,Marf1,Tagln3,
Pdxk,Mark1,Taldo1,
Pdxp,Mark2,Tanc1,
Pdzd4,Mark3,Tanc2,
Pdzd8,Mars1,Tank,
Pea15,Mast1,Taok3,
Peak1,Mast2,Tardbp,
Pebp1,Mat2a,Tars1,
Pef1,Mat2b,Tasor2,
Pepd,Matr3,Tbc1d1,
Pex1,Mavs,Tbc1d10a,
Pex14,Max,Tbc1d10b,
Pex19,Maz,Tbc1d13,
Pex5,Mb21d2,Tbc1d15,
Pex5l,Mbd2,Tbc1d17,
Pfas,Mbd3,Tbc1d22a,
Pfdn1,Mblac2,Tbc1d5,
Pfdn2,Mbnl1,Tbc1d8,
Pfdn5,Mbnl2,Tbc1d9b,
Pfdn6,Mboat7,Tbcb,
Pfkfb1,Mbp,Tbcc,
Pfkfb2,Mcam,Tbcd,
Pfkfb4,Mccc1,Tbcel,
Pfkl,Mcf2l,Tcp1,
Pfkm,Mcm3ap,Tcp11l1,
Pfkp,Mcpt4,Tdp2,
Pfn1,Mcrip1,Tdrd3,
Pfn2,Mcrip2,Tdrd7,
Pgam1,Mctp1,Tdrp,
Pgap1,Mctp2,Tecr,
Pgd,Mdc1,Ten1,
Pgk1,Mdh1,Tex2,
Pgls,Mdh1b,Tf,
Pgm1,Mdh2,Tfcp2,
Pgm2l1,Mdk,Tfeb,
Pgm5,Mdm1,Tgfb1i1,
Pgp,Me1,Tgfbi,
Pgrmc2,Me2,Tgm1,
Phactr1,Mea1,Tgm2,
Phactr3,Mecp2,Tgm3,
Phactr4,Mecr,Tgoln1,
Phaf1,Med1,Tgs1,
Phb,Med15,Thoc5,
Phb2,Med17,Thop1,
Phf24,Med27,Tigar,
Phgdh,Med28,Timm44,
Phka1,Med29,Timp4,
Phkb,Med4,Tiprl,
Phldb1,Med6,Tjp1,
Phyhip,Med8,Tjp2,
Phyhipl,Med9,Tkt,
Pi4k2a,Mef2a,Tln1,
Pi4ka,Mef2d,Tln1,
Pi4kb,Mepce,Tln2,
Picalm,Metap1,Tm9sf3,
Pick1,Metap2,Tmem263,
Pigu,Mettl14,Tmem65,
Pik3c2a,Mettl16,Tmem79,
Pik3c3,Mettl3,Tmod1,
Pik3ca,Mex3d,Tmod1,
Pik3cd,Mfap1a,Tmod2,
Pik3r4,Mfap2,Tmpo,
Pikfyve,Mff,Tmprss13,
Pin1,Mfhas1,Tmsb10,
Pip4k2a,Mfn2,Tmsb4x,
Pip4k2b,Mfsd10,Tmx2,
Pip4k2c,Mfsd14a,Tnfrsf1a,
Pip4p1,Mfsd6,Tnfrsf21,
Pip5k1c,Mga,Tnk2,
Pir,Mgmt,Tnks1bp1,
Pitpna,Mgst3,Tnpo1,
Pitpnb,Mia2,Tnpo1,
Pitpnc1,Mia3,Tnpo2,
Pitpnm1,Mical1,Tnrc6b,
Pitpnm2,Mical3,Tns2,
Pitrm1,Micall1,Tns3,
Pja2,Micall2,Tom1,
Pkhd1l1,Mid1ip1,Tom1l2,
Pkib,Mid2,Tomm20,
Pkm,Mif,Tomm34,
Pkn1,Miga1,Top1,
Pkn2,Miga2,Top3b,
Pkp1,Minar1,Tp53bp2,
Pkp4,Minar2,Tpd52,
Pla2g6,Mindy1,Tpd52l2,
Plaa,Mindy2,Tpgs2,
Plbd1,Mink1,Tpi1,
Plcb1,Mios,Tpm1,
Plcb3,Mipep,Tpm1,
Plcl1,Misp,Tpm2,
Plcl2,Mitd1,Tpm3,
Plcxd3,Mkln1,Tpm4,
Plec,Mknk1,Tppp,
Plekha1,Mkrn1,Tppp3,
Plekha2,Mkrn2,Tpt1,
Plekha6,Mks1,Tradd,
Plekhd1,Mlh1,Trap1,
Plekhm2,Mllt11,Trappc10,
Plekho2,Mlxip,Trappc12,
Plp1,Mmab,Trappc9,
Plpbp,Mmgt1,Trarg1,
Plpp3,Mms19,Trim12a,
Plppr3,Mms22l,Trim2,
Plppr4,Mmtag2,Trim2,
Pls1,Mnat1,Trim25,
Pls3,Mob1a,Trim28,
Plscr3,Mob2,Trim29,
Plxna4,Mob3a,Trim3,
Pmpca,Mob3b,Trim36,
Pmpcb,Mob4,Trim47,
Pmvk,Mocs3,Trim56,
Pnliprp1,Mon1b,Trim67,
Pnpla6,Mon2,Trim9,
Pnpla8,Morn4,Trio,
Pnpt1,Mospd1,Trip4,
Pof1b,Mospd2,Trpc7,
Polr2h,Mpdu1,Trpv1,
Polr2m,Mpdz,Trpv2,
Polr3g,Mphosph10,Tsc1,
Pom121,Mphosph8,Tsc22d1,
Ppa1,Mpi,Tsc22d1,
Ppa2,Mpp1,Tsc22d3,
Ppargc1b,Mpped2,Tsn,
Ppcdc,Mprip,Tsnax,
Ppcs,Mpz,Tspan15,
Ppef1,Mrc2,Ttbk1,
Ppfia2,Mre11,Ttbk2,
Ppfia3,Mreg,Ttc1,
Ppia,Mrgbp,Ttc19,
Ppib,Mrm3,Ttc9,
Ppid,Mrnip,Ttc9c,
Ppih,Mrpl30,Ttl,
Ppil3,Mrps22,Ttll6,
Ppip5k1,Mrps27,Tuba1a,
Ppip5k2,Mrps31,Tuba4a,
Ppm1a,Mrps36,Tuba4a,
Ppm1b,Mrrf,Tubal3,
Ppm1e,Mrtfa,Tubb2a,
Ppm1h,Mrtfb,Tubb2a,
Ppm1j,Msantd1,Tubb2a,
Ppme1,Msh6,Tubb2a,
Ppp1ca,Msi1,Tubb2a,
Ppp1cb,Msi2,Tubb2a,
Ppp1cc,Msl1,Tubb3,
Ppp1r11,Msn,Tubb3,
Ppp1r12a,Msra,Tubb3,
Ppp1r12b,Msrb2,Tubb3,
Ppp1r12c,Msrb3,Tubb4b,
Ppp1r13b,Msto1,Tubb4b,
Ppp1r13l,mt-Co3,Tubb5,
Ppp1r16a,Mt3,Tubb6,
Ppp1r18,Mta1,Tufm,
Ppp1r1a,Mta2,Tulp3,
Ppp1r1c,Mta3,TurboID,
Ppp1r2,Mtarc2,Tusc2,
Ppp1r21,Mtch1,Twf1,
Ppp1r3f,Mtcl1,Twf2,
Ppp1r7,Mtco2,Txn,
Ppp1r9b,Mtdh,Txndc9,
Ppp2ca,Mtf1,Txnl1,
Ppp2r1a,Mtfr1l,Txnrd1,
Ppp2r2a,Mthfd1,U2af2,
Ppp2r2c,Mthfsd,U2surp,
Ppp2r5a,Mtm1,Uba1,
Ppp2r5b,Mtmr10,Uba1y,
Ppp2r5c,Mtmr12,Uba5,
Ppp2r5e,Mtmr2,Uba6,
Ppp3ca,Mtmr3,Ubap1,
Ppp3cb,Mtmr4,Ubap2,
Ppp3cc,Mtmr6,Ubap2l,
Ppp3r1,Mtmr7,Ubash3b,
Ppp4r4,Mtor,Ube2j1,
Ppp5c,Mtpn,Ube2k,
Ppp6c,Mtr,Ube2m,
Ppp6r1,Mtrf1,Ube2n,
Ppp6r2,Mtss1,Ube2o,
Ppp6r3,Mtss2,Ube2q1,
Pptc7,Mttp,Ube2q2,
Praf2,Mtus1,Ube2v1,
Pram1,Mtx2,Ube2v1,
Prdm16,Mucl3,Ube2v2,
Prdm6,Mug1,Ube3c,
Prdx1,Mug2,Ubfd1,
Prdx2,Mustn1,Ubl4a,
Prdx3,Mvb12a,Ublcp1,
Prdx4,Mvb12b,Ubxn4,
Prdx5,Mvd,Ubxn6,
Prdx6,Mvk,Uchl1,
Preb,Mvp,Ufc1,
Prep,Mxra7,Ufd1,
Prepl,Mxra8,Ufl1,
Prickle2,Myadm,Ugp2,
Prkaa1,Mybbp1a,Uhrf1bp1l,
Prkaa2,Mybphl,Ulk2,
Prkab1,Mycbp,Umps,
Prkab2,Mycbp2,Unc45a,
Prkaca,Myd88,Upf1,
Prkacb,Myef2,Uprt,
Prkag1,Myh10,Uqcrc2,
Prkag2,Myh11,Urm1,
Prkar1a,Myh14,Use1,
Prkar1b,Myh3,Usp13,
Prkar2a,Myh9,Usp14,
Prkar2b,Myl12b,Usp15,
Prkca,Myl3,Usp37,
Prkcb,Myl6,Usp45,
Prkcd,Myl6b,Usp47,
Prkce,Mylk,Usp5,
Prkcq,Myo18a,Usp7,
Prkcsh,Myo1b,Usp8,
Prkg1,Myo1c,Usp9x,
Prkra,Myo1d,Vamp1,
Prl7b1,Myo1e,Vamp1,
Prl7c1,Myo5a,Vamp2,
Prmt5,Myo6,Vamp7,
Prmt7,Myo9a,Vapa,
Prmt8,Myo9b,Vapa,
Prmt9,Myt1,Vapb,
Prnp,N4bp1,Vars1,
Prokr1,Naa10,Vasp,
Prpf3,Naa15,Vat1,
Prpf38a,Naa16,Vat1l,
Prpf4b,Naa25,Vbp1,
Prpf8,Naa30,Vcl,
Prph,Naa35,Vcp,
Prpsap1,Naa50,Vcpip1,
Prpsap2,Naa80,Vdac1,
Prr14,Naaa,Vdac2,
Prrc1,Nab1,Vdac3,
Prrc2a,Naca,Vezt,
Prrc2b,Nacad,Vim,
Prrc2c,Nacc1,Vipas39,
Prrt2,Nacc2,Vkorc1l1,
Prrt3,Nae1,Vps11,
Prss2,Nalcn,Vps13a,
Prss33,Nampt,Vps13c,
Prune1,Nans,Vps16,
Prune2,Nap1l1,Vps25,
Prx,Nap1l4,Vps26a,
Prxl2a,Napa,Vps26c,
Prxl2b,Napb,Vps28,
Psap,Napg,Vps35,
Psat1,NARS1,Vps36,
Psd3,Nasp,Vps37a,
Psip1,Nat10,Vps37c,
Psma1,Nat8l,Vps39,
Psma3,Nav1,Vps4a,
Psma4,Naxd,Vps4a,
Psma6,Nbeal2,Vps4b,
Psma7,Nbn,Vps8,
Psmb1,Ncald,Vps9d1,
Psmb2,Ncam1,Vsnl1,
Psmb3,Ncam2,Vti1b,
Psmb4,Ncbp2,Vwa5a,
Psmb5,Ncbp3,Vwa7,
Psmb7,Ncdn,Wars1,
Psmc1,Nck1,Wasf1,
Psmc2,Nck2,Washc1,
Psmc3,Nckap1,Washc2,
Psmc4,Nckap5l,Washc4,
Psmc5,Nckipsd,Wasl,
Psmd1,Ncl,Wbp2,
Psmd11,Ncoa1,Wdr1,
Psmd12,Ncoa2,Wdr20,
Psmd13,Ncoa5,Wdr26,
Psmd14,Ncoa6,Wdr37,
Psmd2,Ncoa7,Wdr44,
Psmd3,Ncor1,Wdr45,
Psmd4,Ncor2,Wdr7,
Psmd5,Ncs1,Wfs1,
Psmd6,Ndc1,Wipf2,
Psmd9,Ndel1,Wipf3,
Psme1,Ndfip1,Wipi2,
Psme3,Ndn,Wnk1,
Psme3ip1,Ndrg1,Wnk1,
Pspc1,Ndrg2,Xab2,
Ptcd2,Ndrg3,Xiap,
Pten,Ndrg4,Xpnpep3,
Ptges3,Ndufa10,Xrn1,
Ptgir,Ndufa12,Xrra1,
Ptk2,Ndufa13,Yars1,
Ptk2b,Ndufa2,Yes1,
Ptpa,Ndufa4,Ykt6,
Ptpdc1,Ndufa5,Ythdc2,
Ptpn1,Ndufa8,Ythdf1,
Ptpn11,Ndufa9,Ywhab,
Ptpn12,Ndufaf2,Ywhab,
Ptpn23,Ndufaf4,Ywhab,
Ptpn6,Ndufaf7,Ywhab,
Ptpn9,Ndufb11,Ywhae,
Ptpra,Ndufb3,Ywhag,
Ptpre,Ndufb5,Ywhah,
Ptprn,Ndufb9,Ywhaq,
Ptprz1,Ndufs1,Ywhaz,
Puf60,Ndufs2,Zadh2,
Pura,Ndufs3,Zc2hc1a,
Purb,Ndufs6,Zc3h15,
Pvalb,Ndufs7,Zdhhc5,
Pxdn,Ndufs8,Zfand5,
Pycr2,Ndufv1,Zfand6,
Pygb,Ndufv2,Zfyve16,
Pygl,Ndufv3,Zfyve19,
Pygm,Nebl,Zg16,
Pym1,Necab1,Znf207,
Pzp,Necab3,Znf219,
Qars1,Necap1,Znf598,
Qdpr,Necap2,Znf786,
R3hcc1,Nectin1,Znrf3,
R3hcc1l,Nectin2,Zw10,
R3hdm2,Nectin3,Zyg11b,
Rab10,Nedd1,Zyx,
Rab11b,Nedd4,,
Rab11fip2,Nedd4l,,
Rab11fip5,Nedd8,,
Rab14,Nefh,,
Rab15,Nefl,,
Rab18,Nefm,,
Rab1A,Nek1,,
Rab1b,Nek3,,
Rab21,Nek4,,
Rab22a,Nek7,,
Rab23,Nek9,,
Rab27a,Nelfa,,
Rab27b,Nelfb,,
Rab28,Nelfe,,
Rab2a,Nemf,,
Rab32,Neo1,,
Rab33a,Nes,,
Rab33b,Nexn,,
Rab35,Nf1,,
Rab37,Nf2,,
Rab39b,Nfat5,,
Rab3a,Nfatc1,,
Rab3b,Nfatc2ip,,
Rab3c,Nfia,,
Rab3d,Nfib,,
Rab3gap1,Nfic,,
Rab3gap2,Nfix,,
Rab3il1,Nfkb1,,
Rab3ip,Nfkbib,,
Rab5b,Nfrkb,,
Rab5c,Nfs1,,
Rab6a,Nfx1,,
Rab6b,Ngfr,,
Rab7a,Ngly1,,
Rab8a,Nhp2,,
Rab8b,Nhsl1,,
Rab9b,Nhsl2,,
Rabep1,Niban1,,
Rabgap1,Niban2,,
Rabgap1l,Nicn1,,
Rabgef1,Nid1,,
Rabggta,Nif3l1,,
Rabl3,Nifk,,
Rabl6,Nipa1,,
Rac1,Nipal3,,
Rac3,Nipbl,,
Rack1,Nipsnap1,,
Rad23b,Nipsnap2,,
Rae1,Nipsnap3b,,
Raf1,Nisch,,
Rala,Nit2,,
Ralb,Nkap,,
Ralbp1,Nkiras1,,
Ralgapa1,Nkiras2,,
Ralgapa2,Nkrf,,
Ralgapb,Nmd3,,
Ralgps2,Nme1,,
Ralyl,Nme2,,
Ran,Nmt1,,
Ranbp1,Nmt2,,
Ranbp2,Nob1,,
Ranbp3,Noc4l,,
Ranbp9,Nol4l,,
Rangap1,Nol8,,
Rap1a,Nol9,,
Rap1gap,Nolc1,,
Rap1gap2,Nono,,
Rap1gds1,Nop16,,
Rap2a,Nop2,,
Rapgef2,Nop56,,
Rapgef4,Nop58,,
Rars1,Nopchap1,,
Rasgrf1,Nos1,,
Rasgrf2,Nosip,,
Rassf5,Npepl1,,
Rbbp4,Nphp3,,
Rbbp6,Npl,,
Rbks,Nploc4,,
Rbm14,Npm1,,
Rbm17,Npm3,,
Rbm39,Npr2,,
Rbmx,Nprl2,,
Rbmx2,Nprl3,,
Rbsn,Nptn,,
Rbx1,Nqo2,,
Rc3h1,Nr2c2,,
Rcan1,Nr3c1,,
Rcan2,Nr3c2,,
Rcan3,Nrbf2,,
Rcbtb1,Nrbp1,,
Rcc2,Nrbp2,,
Rcsd1,Nrdc,,
Rdh14,Nrg3,,
Rdx,Nrip2,,
Reep1,Nrip3,,
Reep2,Nrxn1,,
Reep5,Nsd1,,
Rel,Nsd3,,
Rela,Nsdhl,,
Relb,Nsf,,
Relch,Nsfl1c,,
Rell1,Nsg1,,
Rem2,Nsmaf,,
Reps1,Nsun6,,
Reps2,Nt5c2,,
Rer1,Nt5dc3,,
Ret,Ntmt1,,
Retreg1,Ntrk1,,
Retreg2,Ntrk3,,
Rexo2,Nuak1,,
Rfk,Nub1,,
Rgl2,Nucb1,,
Rgs10,Nucks1,,
Rgs12,Nudc,,
Rgs14,Nudcd1,,
Rgs17,Nudcd2,,
Rgs20,Nudcd3,,
Rgs22,Nudt10,,
Rgs3,Nudt12,,
Rgs6,Nudt16,,
Rgs7,Nudt2,,
Rgs7bp,Nudt21,,
Rhbdd1,Nudt3,,
Rheb,Nudt5,,
Rhoa,Nudt9,,
Rhob,Nufip1,,
Rhog,Nufip2,,
Rhot1,Numa1,,
Rhot2,Numb,,
Ric8a,Numbl,,
Ric8b,Nup107,,
Rictor,Nup133,,
Rida,Nup155,,
Rimbp2,Nup160,,
Rimkla,Nup188,,
Rims1,Nup214,,
Rims2,Nup35,,
Rims3,Nup42,,
Rint1,Nup43,,
Riok3,Nup50,,
Ripk2,Nup54,,
Ripor1,Nup58,,
Ripor2,Nup62,,
Rmc1,Nup85,,
Rmdn2,Nup88,,
Rmdn3,Nup93,,
Rnf114,Nup98,,
Rnf121,Nvl,,
Rnf123,Nwd2,,
Rnf135,Nxf1,,
Rnf14,Nxt2,,
Rnf214,Nyap1,,
Rnf25,Nyap2,,
Rnf38,Oasl2,,
Rnf40,Oat,,
Rnf7,Obi1,,
Rnh1,Ociad1,,
Rnmt,Ocrl,,
Rnpep,Odad4,,
Robo2,Odr4,,
Rock2,Ofd1,,
Rogdi,Oga,,
Ror2,Ogdh,,
Rpa1,Ogfod1,,
Rpap1,Ogfr,,
Rpap3,Ogg1,,
Rph3a,Ogn,,
Rpl10,Ola1,,
Rpl10a,Ophn1,,
Rpl11,Optn,,
Rpl12,Osbp,,
Rpl13,Osbpl10,,
Rpl13a,Osbpl11,,
Rpl14,Osbpl1a,,
Rpl15,Osbpl2,,
Rpl17,Osbpl3,,
Rpl18,Osbpl5,,
Rpl18a,Osbpl6,,
Rpl19,Osbpl8,,
Rpl22,Osbpl9,,
Rpl23,Oscp1,,
Rpl23a,Osmr,,
Rpl24,Ostf1,,
Rpl26,Otub1,,
Rpl27,Otud3,,
Rpl27a,Otud4,,
Rpl28,Otud6b,,
Rpl29,Otud7a,,
Rpl3,Ovos,,
Rpl30,Oxct1,,
Rpl31,Oxr1,,
Rpl32,Oxsm,,
Rpl34,Oxsr1,,
Rpl35,P33monox,,
Rpl36,P4hb,,
Rpl36a,Pa2g4,,
Rpl37,Paat,,
Rpl4,Pabir1,,
Rpl5,Pabpc1,,
Rpl6,Pabpn1,,
Rpl7,Pacs1,,
Rpl7a,Pacs2,,
Rpl8,Pacsin1,,
Rpl9,Pacsin2,,
Rplp0,Paf1,,
Rplp2,Pafah1b1,,
Rpn1,Pafah1b2,,
Rpn2,Pag1,,
Rprd1a,Pagr1a,,
Rps11,Paics,,
Rps12,Paip1,,
Rps13,Paip2,,
Rps14,Pak1,,
Rps15a,Pak1ip1,,
Rps16,Pak2,,
Rps17,Pak3,,
Rps18,Pak4,,
Rps2,Pald1,,
Rps20,Palld,,
Rps23,Palm,,
Rps24,Palm2,,
Rps25,Palm3,,
Rps26,Palmd,,
Rps27,Pals1,,
Rps27a,Pals2,,
Rps28,Pam16,,
Rps3,Pan2,,
Rps3a,Pan3,,
Rps4x,Pank4,,
Rps6,Panx2,,
Rps6ka1,Papola,,
Rps6ka2,Papss1,,
Rps6ka3,Paqr3,,
Rps6ka5,Paqr9,,
Rps6kb1,Pard3,,
Rps6kb2,Pard3b,,
Rps6kc1,Parg,,
Rps7,Park7,,
Rps8,Parl,,
Rps9,Parn,,
Rpsa,Parp1,,
Rptor,Parp2,,
Rraga,Parp4,,
Rragc,Parva,,
Rragd,Parvb,,
Rras,Patj,,
Rrbp1,Patl1,,
Rrm2b,Pawr,,
Rsph10b,Paxbp1,,
Rspo3,Paxip1,,
Rsrc1,Pbx2,,
Rsu1,Pc,,
Rtcb,Pcbp1,,
Rtkn,Pcbp2,,
Rtn1,Pcbp3,,
Rtn3,Pcbp4,,
Rtn4,Pcca,,
RTRAF,Pccb,,
Rufy1,Pcdh12,,
Rufy2,Pcdha10,,
Rufy3,Pcdha7,,
Rundc1,Pcif1,,
Rundc3a,Pck2,,
Rundc3b,Pclo,,
Rusf1,Pcm1,,
Ruvbl1,Pcmt1,,
Ruvbl2,Pcna,,
Rwdd3,Pcnp,,
Rwdd4,Pcnt,,
Ryr2,Pcnx2,,
S100a10,Pcnx3,,
S100a11,Pcnx4,,
S100a13,Pcp4,,
S100a16,Pcp4l1,,
S100a4,Pcsk1n,,
S100a6,Pctp,,
S1pr1,Pcyt1a,,
S1pr3,Pcyt1b,,
S1pr5,Pcyt2,,
Sacm1l,Pdap1,,
Sacs,Pdcd4,,
Safb,Pdcd5,,
Samd14,Pdcd6ip,,
Samd4b,Pdcl,,
Samhd1,Pdcl3,,
Samm50,Pde10a,,
Sar1a,Pde11a,,
Sar1b,Pde12,,
Sarg,Pde1c,,
Sars1,Pde3b,,
Sart1,Pde4a,,
Sart3,Pde4c,,
Sbf1,Pde4d,,
Scamp1,Pde4dip,,
Scamp3,Pdgfrb,,
Scamp4,Pdha1,,
Scamp5,Pdhb,,
Sccpdh,Pdhx,,
Scfd1,Pdia3,,
Scfd2,Pdia6,,
Scg2,Pdk1,,
Scin,Pdk3,,
Scn1a,Pdlim1,,
Scn2a,Pdlim3,,
Scn3a,Pdlim4,,
Scn4a,Pdlim5,,
Scn4b,Pdlim7,,
Scn8a,Pdp1,,
Scn9a,Pdpk1,,
Scoc,Pdpr,,
Scrib,Pds5a,,
Scrn1,Pds5b,,
Scrn3,Pdxdc1,,
Scyl1,Pdxk,,
Scyl2,Pdzd8,,
Sdcbp,Pea15,,
Sdha,Peak1,,
Sdhb,Pebp1,,
Sdhc,PEDS1,,
Sdk2,Pelo,,
Sec14l2,Pelp1,,
Sec16a,Pepd,,
Sec22b,Pes1,,
Sec23ip,Pex1,,
Sec24a,Pex11b,,
Sec31a,Pex13,,
Sec61g,Pex14,,
Sec62,Pex19,,
Selenbp1,Pex26,,
Sema3c,Pex3,,
Sema4c,Pex5,,
Sema4d,Pex5l,,
Sema4f,Pfas,,
Sephs1,Pfdn1,,
Sepsecs,Pfdn2,,
Septin11,Pfdn5,,
Septin2,Pfdn6,,
Septin3,Pfkfb2,,
Septin4,Pfkl,,
Septin5,Pfkm,,
Septin6,Pfkp,,
Septin7,Pfn1,,
Septin8,Pfn2,,
Septin9,Pgam1,,
Serbp1,Pgap1,,
Sergef,Pgd,,
Serinc1,Pgk1,,
Serinc5,Pgls,,
Serpina3k,Pgm1,,
Serpinb1a,Pgm2l1,,
Serpinb1b,Pgm3,,
Serpinb5,Pgrmc1,,
Serpinb6,Pgrmc2,,
Sestd1,Pgs1,,
Set,Phactr1,,
Setd3,Phactr3,,
Setd7,Phactr4,,
Setdb2,Phaf1,,
Sf1,Phax,,
Sf3a1,Phb,,
Sf3b1,Phb2,,
Sf3b3,Phc1,,
Sfn,Phc3,,
Sfpq,Pheta1,,
Sft2d2,Phf10,,
Sfxn1,Phf14,,
Sfxn3,Phf2,,
Sfxn5,Phf20l1,,
Sgip1,Phf21a,,
Sgpl1,Phf23,,
Sgsm1,Phf24,,
Sgtb,Phf5a,,
Sh2b1,Phgdh,,
Sh3bgrl2,Phip,,
Sh3bgrl3,Phka1,,
Sh3bp4,Phka2,,
Sh3bp5l,Phldb1,,
Sh3d19,Phrf1,,
Sh3d21,Phtf1,,
Sh3gl1,Phyhipl,,
Sh3gl2,Pi4k2a,,
Sh3gl3,Pi4ka,,
Sh3glb1,Pi4kb,,
Sh3glb2,Pias1,,
Sh3kbp1,Pias2,,
Sh3pxd2a,Picalm,,
Sh3pxd2b,Pick1,,
Shank1,Piezo2,,
Shank2,Pigu,,
Shank3,Pigw,,
Shc1,Pih1d1,,
Shc2,Pik3ap1,,
Shc3,Pik3c2a,,
Shd,Pik3c3,,
Shf,Pik3ca,,
Shisa4,Pik3cd,,
Shisa9,Pik3ip1,,
Shmt2,Pik3r4,,
Shoc2,Pikfyve,,
Shroom2,Pin1,,
Shroom3,Pip4k2a,,
Shroom4,Pip4k2b,,
Shtn1,Pip4k2c,,
Sipa1,Pip4p1,,
Sipa1l1,Pip4p2,,
Sipa1l2,Pip5k1c,,
Sipa1l3,Pir,,
Sirpa,Pirt,,
Sirt2,Pitpna,,
Sirt3,Pitpnb,,
Six4,Pitpnc1,,
Skp1,Pitpnm1,,
Skt,Pitpnm2,,
Slain2,Pitpnm3,,
Slc12a2,Pitrm1,,
Slc12a5,Pja1,,
Slc12a6,Pja2,,
Slc16a1,Pkm,,
Slc17a6,Pkn1,,
Slc17a7,Pkn2,,
Slc1a2,Pknox2,,
Slc1a3,Pkp1,,
Slc1a4,Pkp4,,
Slc20a2,Pla2g4a,,
Slc22a17,Pla2g4b,,
Slc22a21,Pla2g6,,
Slc22a23,Plaa,,
Slc22a4,Plbd2,,
Slc24a4,Plcb1,,
Slc25a1,Plcb3,,
Slc25a11,Plcd4,,
Slc25a12,Plce1,,
Slc25a13,Plcl1,,
Slc25a15,Plcl2,,
Slc25a18,Plcxd3,,
Slc25a22,Pld2,,
Slc25a25,Pld3,,
Slc25a29,Plec,,
Slc25a3,Plekha1,,
Slc25a31,Plekha2,,
Slc25a4,Plekha3,,
Slc25a40,Plekha4,,
Slc25a46,Plekha6,,
Slc25a5,Plekha7,,
Slc27a1,Plekha8,,
Slc27a4,Plekhd1,,
Slc29a1,Plekhf1,,
Slc2a1,Plekhf2,,
Slc2a3,Plekhg5,,
Slc30a1,Plekhm1,,
Slc30a3,Plekhm2,,
Slc30a6,Plekhm3,,
Slc30a9,Plekho2,,
Slc32a1,Plin3,,
Slc33a1,Plin4,,
Slc35e3,Plp1,,
Slc35g2,Plpbp,,
Slc38a1,Plpp3,,
Slc38a3,Plrg1,,
Slc39a10,Pls1,,
Slc39a12,Pls3,,
Slc39a4,Plscr3,,
Slc3a2,Plscr4,,
Slc41a3,Pml,,
Slc43a2,Pmpcb,,
Slc44a1,Pms2,,
Slc44a2,Pmvk,,
Slc4a1,Pnn,,
Slc4a10,Pnp,,
Slc4a4,Pnpla6,,
Slc4a8,Pnpla7,,
Slc5a1,Pnpla8,,
Slc5a3,Pnpt1,,
Slc6a1,Poglut1,,
Slc6a11,Pogz,,
Slc6a17,Pold1,,
Slc6a4,Pold3,,
Slc6a5,Poldip3,,
Slc6a6,Poli,,
Slc6a7,Polr1a,,
Slc6a8,Polr1b,,
Slc6a9,Polr1d,,
Slc7a10,Polr2a,,
Slc7a14,Polr2b,,
Slc7a2,Polr2d,,
Slc7a5,Polr2g,,
Slc7a6os,Polr2h,,
Slc8a1,Polr2m,,
Slc8a2,Polr3d,,
Slc8a3,Polr3e,,
Slc9a1,Polr3f,,
Slc9a3r1,Polr3g,,
Slc9a3r2,Pom121,,
Slc9a7,Pom121l2,,
Slitrk3,Pomgnt1,,
Slitrk5,Pop4,,
Slk,Por,,
Slmap,Postn,,
Smad2,Pot1,,
Smad4,Ppa1,,
Smap1,Ppa2,,
Smap2,Ppcdc,,
Smarcd3,Ppcs,,
Smchd1,Ppdpf,,
Smcr8,Ppef1,,
Smg7,Ppfia2,,
Smg9,Ppfia3,,
Smim20,Ppia,,
Smok2b,Ppib,,
Smok3a,Ppid,,
Smpx,Ppie,,
Smurf1,Ppig,,
Smyd4,Ppih,,
Snap25,Ppil2,,
Snap29,Ppil3,,
Snap47,Ppil4,,
Snap91,Ppip5k1,,
Snapin,Ppip5k2,,
Snca,Ppl,,
Sncb,Ppm1a,,
Sncg,Ppm1b,,
Snd1,Ppm1e,,
Snf8,Ppm1g,,
Snph,Ppme1,,
Snrk,Ppp1ca,,
Snrnp200,Ppp1cb,,
Snrnp70,Ppp1cc,,
Snrpb,Ppp1r10,,
Snrpd2,Ppp1r11,,
Snrpd3,Ppp1r12a,,
Snta1,Ppp1r12b,,
Sntb1,Ppp1r12c,,
Snupn,Ppp1r13b,,
Snx1,Ppp1r13l,,
Snx11,Ppp1r18,,
Snx12,Ppp1r1a,,
Snx13,Ppp1r1c,,
Snx14,Ppp1r2,,
Snx15,Ppp1r21,,
Snx16,Ppp1r37,,
Snx17,Ppp1r3a,,
Snx19,Ppp1r3f,,
Snx2,Ppp1r7,,
Snx25,Ppp1r8,,
Snx3,Ppp1r9b,,
Snx4,Ppp2r2a,,
Snx5,Ppp2r5a,,
Snx6,Ppp2r5b,,
Snx7,Ppp2r5c,,
Snx9,Ppp2r5e,,
Sod1,Ppp3ca,,
Sod2,Ppp3cb,,
Soga1,Ppp3cc,,
Soga3,Ppp3r1,,
Son,Ppp4r1,,
Sorbs1,Ppp4r2,,
Sorbs2,Ppp4r3a,,
Sord,Ppp4r3b,,
Sos1,Ppp4r4,,
Sos2,Ppp5c,,
Sowahc,Ppp6c,,
Spag1,Ppp6r1,,
Spag17,Ppp6r2,,
Spag7,Ppp6r3,,
Spag9,Ppwd1,,
Spart,Pqbp1,,
Spast,Praf2,,
Spata13,Prdx1,,
Spata2,Prdx2,,
Spata45,Prdx3,,
Spats2,Prdx4,,
Spcs1,Prdx5,,
Spcs2,Prdx6,,
Specc1l,Preb,,
Spen,Prelp,,
Sphk2,Prep,,
Sphkap,Prex1,,
Spire1,Prickle2,,
Spire2,Prkaa1,,
Spr,Prkaa2,,
Spred1,Prkab1,,
Spred2,Prkab2,,
Sprr1a,Prkaca,,
Sprr1b,Prkacb,,
Sprr2b,Prkag1,,
Spryd4,Prkag2,,
Sptan1,Prkar1a,,
Sptb,Prkar1b,,
Sptbn1,Prkar2a,,
Sqstm1,Prkar2b,,
Sra1,Prkca,,
Src,Prkcb,,
Srcin1,Prkcd,,
Srek1ip1,Prkce,,
Srgap1,Prkcq,,
Srgap2,Prkd1,,
Srgap3,Prkdc,,
Sri,Prkg1,,
Srm,Prkra,,
Srp54,Prkrip1,,
Srp68,Prl7c1,,
Srpk2,Prmt1,,
Srpra,Prmt5,,
Srpx,Prmt7,,
Srrm1,Prmt8,,
Srrm2,Prmt9,,
Srsf1,Prpf18,,
Srsf2,Prpf19,,
Srsf4,Prpf3,,
Srsf6,Prpf31,,
Srsf7,Prpf38a,,
Ssb,Prpf38b,,
Ssh1,Prpf4,,
Ssh2,Prpf40a,,
Sspo,Prpf40b,,
St13,Prpf4b,,
Stab1,Prpf8,,
Stac,Prph,,
Stac2,Prpsap1,,
Stag3,Prpsap2,,
Stam,Prr12,,
Stam2,Prrc1,,
Stambp,Prrc2a,,
Stambpl1,Prrc2b,,
Stard10,Prrc2c,,
Stard13,Prrt2,,
Stard3nl,Prss2,,
Stard9,Prune1,,
Stat1,Prune2,,
Stat2,Prx,,
Stat3,Prxl2a,,
Stat5b,Prxl2b,,
Stat6,Psap,,
Stbd1,Psat1,,
Steap3,Psd3,,
Steep1,Psd4,,
Stim1,Psen1,,
Stim2,Psip1,,
Stip1,Psma1,,
Stk10,Psma2,,
Stk11,Psma3,,
Stk24,Psma4,,
Stk25,Psma5,,
Stk3,Psma6,,
Stk38l,Psma7,,
Stk39,Psmb1,,
Stmn1,Psmb2,,
Stmn2,Psmb3,,
Stmn3,Psmb4,,
Stom,Psmb6,,
Stoml3,Psmb7,,
Ston2,Psmc1,,
Stox2,Psmc2,,
Strada,Psmc3,,
Strap,Psmc4,,
Strepta,Psmc5,,
Strip1,Psmc6,,
Strn,Psmd1,,
Strn3,Psmd11,,
Strn4,Psmd12,,
Stt3a,Psmd13,,
Stt3b,Psmd14,,
Stub1,Psmd2,,
Stx12,Psmd3,,
Stx17,Psmd4,,
Stx18,Psmd5,,
Stx1a,Psmd6,,
Stx1b,Psmd7,,
Stx2,Psmd8,,
Stx4,Psmd9,,
Stx5,Psme1,,
Stx7,Psme2,,
Stx8,Psme3,,
Stxbp1,Psme3ip1,,
Stxbp3,Pspc1,,
Stxbp5,Ptbp1,,
Stxbp5l,Ptbp2,,
Stxbp6,Ptbp3,,
Sub1,ptchd1,,
Sucla2,Ptdss1,,
Suclg1,Ptdss2,,
Suclg2,Pten,,
Sugp2,Ptges3,,
Sugt1,Ptgir,,
Sult1c2,Ptk2b,,
Sult4a1,Ptma,,
Sumo2,Ptms,,
Supt16h,Ptpa,,
Surf4,Ptpdc1,,
Sv2a,Ptpn1,,
Sv2b,Ptpn11,,
Sv2c,Ptpn12,,
Svip,Ptpn13,,
Svop,Ptpn23,,
Swap70,Ptpn3,,
Syap1,Ptpra,,
Syn1,Ptpre,,
Syn2,Pttg1ip,,
Syn3,Puf60,,
Sync,Pum1,,
Syncrip,Pum2,,
Syndig1,Pura,,
Syne1,Purb,,
Syne2,Purg,,
Syne3,Pus1,,
Syngr1,Pus7,,
Syngr3,Pvalb,,
Synj1,Pwp1,,
Synm,Pwwp3a,,
Synpo,Pxn,,
Synpr,Pycr2,,
Synrg,Pycr3,,
Syp,Pygb,,
Sypl1,Pygl,,
Syt1,Pygm,,
Syt11,Pym1,,
Syt12,Qars1,,
Syt2,Qdpr,,
Syt3,Qki,,
Syt5,Qpctl,,
Syt6,Qrich1,,
Syt7,R3hcc1,,
Sytl2,R3hcc1l,,
Sytl3,R3hdm2,,
Sytl4,Rab10,,
Szt2,Rab11a,,
Tab1,Rab11b,,
Tab3,Rab11fip2,,
Tacc1,Rab11fip5,,
Tacc2,Rab14,,
Taco1,Rab15,,
Taf9,Rab18,,
Tagln,Rab1A,,
Tagln2,Rab1b,,
Tagln3,Rab21,,
Taldo1,Rab23,,
Tanc1,Rab24,,
Tanc2,Rab27b,,
Tango6,Rab28,,
Tank,Rab2a,,
Tapt1,Rab2b,,
Tardbp,Rab33b,,
Tars1,Rab34,,
Taz,Rab35,,
Tbc1d10a,Rab36,,
Tbc1d10b,Rab39b,,
Tbc1d12,Rab3a,,
Tbc1d13,Rab3c,,
Tbc1d15,Rab3d,,
Tbc1d17,Rab3gap1,,
Tbc1d22a,Rab3gap2,,
Tbc1d24,Rab3il1,,
Tbc1d2b,Rab3ip,,
Tbc1d4,Rab4b,,
Tbc1d5,Rab5a,,
Tbc1d8,Rab5b,,
Tbc1d8b,Rab6a,,
Tbc1d9b,Rab6b,,
Tbcb,Rab7a,,
Tbcc,Rab9b,,
Tbcd,Rabac1,,
Tbce,Rabep1,,
Tbcel,Rabgap1,,
Tbrg4,Rabgap1l,,
Tc2n,Rabgef1,,
Tcea1,Rabggta,,
Tceal3,Rabggtb,,
Tceal5,Rabl2,,
Tcp1,Rabl3,,
Tcp11l1,Rabl6,,
Tdp2,Rac1,,
Tdrd3,Rack1,,
Tdrd7,Rad21,,
Tdrkh,Rad23a,,
Tdrp,Rad23b,,
Tecpr1,Rae1,,
Tecr,Raf1,,
Tedc1,Rai1,,
Ten1,Rai14,,
Tenm4,Rala,,
Terf2,Ralbp1,,
Tes,Ralgapa1,,
Tex13c1,Ralgapa2,,
Tex2,Ralgapb,,
Tex264,Ralgds,,
Tf,Ralgps2,,
Tfcp2,Raly,,
Tfe3,Ralyl,,
Tfeb,Ran,,
Tgfb1i1,Ranbp1,,
Tgfbr2,Ranbp2,,
Tgm1,Ranbp3,,
Tgm2,Ranbp6,,
Tgm3,Ranbp9,,
Tgoln1,Rangap1,,
Tgs1,Rap1a,,
Them4,Rap1gap,,
Them6,Rap1gap2,,
Thop1,Rap1gds1,,
Thrap3,Rapgef2,,
Thsd7a,Rarg,,
Thumpd3,Rars1,,
Thy1,Rasa2,,
Tial1,Rasa3,,
Tigar,Rasgrf1,,
Timm22,Rasgrf2,,
Timm44,Rasgrp1,,
Timm50,Rassf5,,
Timmdc1,Raver1,,
Tiprl,Rbbp4,,
Tjp1,Rbbp5,,
Tjp2,Rbbp6,,
Tkt,Rbbp7,,
Tktl1,Rbck1,,
Tln1,Rbfox1,,
Tln2,Rbfox2,,
Tm9sf2,Rbfox3,,
Tm9sf4,Rbks,,
Tmcc1,Rbm10,,
Tmcc2,Rbm11,,
Tmcc3,Rbm12,,
Tmed10,Rbm12b1,,
Tmed8,Rbm14,,
Tmem100,Rbm15,,
Tmem11,Rbm17,,
Tmem114,Rbm22,,
Tmem132a,Rbm25,,
Tmem160,Rbm26,,
Tmem163,Rbm27,,
Tmem167a,Rbm28,,
Tmem205,Rbm3,,
Tmem223,Rbm33,,
Tmem258,Rbm39,,
Tmem263,Rbm5,,
Tmem30a,Rbms1,,
Tmem33,Rbms2,,
Tmem35a,Rbms3,,
Tmem43,Rbmx,,
Tmem63a,Rbmx2,,
Tmem65,Rbmxl1,,
Tmem79,Rbsn,,
Tmem94,Rbx1,,
Tmod1,Rc3h1,,
Tmod2,Rc3h2,,
Tmod4,Rcan1,,
Tmpo,Rcan2,,
Tmprss13,Rcan3,,
Tmsb10,Rcbtb1,,
Tmsb4x,Rcbtb2,,
Tmx1,Rcc1,,
Tmx2,Rcc2,,
Tmx3,Rcn1,,
Tmx4,Rcn2,,
Tnc,Rcsd1,,
Tnfrsf21,Rdh12,,
Tnik,Rdh14,,
Tnk2,Rdx,,
Tnks1bp1,Reep1,,
Tnpo1,Reep2,,
Tnpo2,Reep5,,
Tnr,Rel,,
Tnrc6a,Rela,,
Tnrc6b,Relch,,
Tns2,Rell1,,
Tns3,Rem2,,
Togaram1,Renbp,,
Tom1,Reps1,,
Tom1l1,Reps2,,
Tom1l2,Rer1,,
Tomm20,Resf1,,
Tomm22,Retreg1,,
Tomm34,Retreg2,,
Tomm70,Rexo2,,
Top2b,Rfc1,,
Top3b,Rfc2,,
Tp53bp1,Rfc4,,
Tp53bp2,Rfk,,
Tpbgl,Rft1,,
Tpd52,Rfx1,,
Tpd52l2,Rgcc,,
Tpgs2,Rgl1,,
Tpi1,Rgs10,,
Tpm1,Rgs17,,
Tpm2,Rgs3,,
Tpm3,Rgs7,,
Tpm4,Rgs7bp,,
Tpp2,Rhbdd2,,
Tppp,Rhbdd3,,
Tppp3,Rheb,,
Tprg1l,Rhoa,,
Tpt1,Rhot1,,
Tradd,Rhot2,,
Traf3,Ric1,,
Traf3ip3,Ric3,,
Trafd1,Ric8a,,
Trak1,Ric8b,,
Trap1,Rictor,,
Trappc10,Rida,,
Trappc12,Rilpl1,,
Trappc14,Rimbp2,,
Trappc6b,Rimkla,,
Trappc9,Rims1,,
Trarg1,Rims2,,
Trim12a,Rims3,,
Trim2,Rin3,,
Trim23,Ring1,,
Trim25,Rint1,,
Trim28,Riok1,,
Trim3,Riok3,,
Trim35,Ripk2,,
Trim36,Ripor1,,
Trim56,Rmc1,,
Trim67,Rmdn2,,
Trim9,Rmdn3,,
Trio,Rnaseh1,,
Triobp,Rnaseh2b,,
Trip10,Rnf10,,
Trip4,Rnf114,,
Triqk,Rnf121,,
Trnau1ap,Rnf123,,
Trnt1,Rnf135,,
Trp53i11,Rnf14,,
Trpv1,Rnf157,,
Trpv2,Rnf185,,
Tsc1,Rnf2,,
Tsc2,Rnf20,,
Tsc22d1,Rnf213,,
Tsc22d3,Rnf214,,
Tsc22d4,Rnf220,,
Tsg101,Rnf25,,
Tsn,Rnf31,,
Tsnax,Rnf40,,
Tspan15,Rnf7,,
Tspan2,Rnmt,,
Tspan7,Rnps1,,
Tspyl5,Robo2,,
Tsr2,Rock2,,
Tst,Rogdi,,
Ttbk1,Ropn1l,,
Ttbk2,rp9,,
Ttc1,Rpa1,,
Ttc23l,Rpain,,
Ttc39b,Rpap2,,
Ttc9,Rpap3,,
Ttc9c,Rpgr,,
Ttf2,Rpgrip1l,,
Ttl,Rph3a,,
Ttll1,Rpl10,,
Ttll12,Rpl10a,,
Ttn,Rpl11,,
Ttyh1,Rpl12,,
Tuba1a,Rpl13,,
Tuba4a,Rpl13a,,
Tubal3,Rpl14,,
Tubb2a,Rpl15,,
Tubb3,Rpl17,,
Tubb4a,Rpl18,,
Tubb4b,Rpl18a,,
Tubb5,Rpl19,,
Tubb6,Rpl22,,
Tubgcp3,Rpl23,,
Tufm,Rpl23a,,
Tulp3,Rpl24,,
TurboID,Rpl26,,
Tusc2,Rpl27,,
Tut7,Rpl27a,,
Twf1,Rpl28,,
Twf2,Rpl29,,
Txlna,Rpl3,,
Txn,Rpl30,,
Txndc17,Rpl31,,
Txndc9,Rpl32,,
Txnl1,Rpl34,,
Txnrd1,Rpl35,,
Txnrd3,Rpl36,,
U2af2,Rpl36a,,
U2surp,Rpl37,,
Uba1,Rpl38,,
Uba3,Rpl4,,
Uba5,Rpl5,,
Uba6,Rpl6,,
Ubac1,Rpl7,,
Ubac2,Rpl7a,,
Ubap1,Rpl8,,
Ubap2,Rpl9,,
Ubap2l,Rplp0,,
Ubash3b,Rplp1,,
Ube2d2,Rplp2,,
Ube2f,Rpn1,,
Ube2g1,Rpn2,,
Ube2j1,Rpp30,,
Ube2k,Rpp38,,
Ube2m,Rprd1a,,
Ube2n,Rprd2,,
Ube2o,Rps10,,
Ube2q1,Rps11,,
Ube2q2,Rps12,,
Ube2v1,Rps13,,
Ube2v2,Rps14,,
Ube3a,Rps15,,
Ube3b,Rps15a,,
Ube3c,Rps16,,
Ube4a,Rps17,,
Ubfd1,Rps18,,
Ubl4a,Rps19,,
Ublcp1,Rps2,,
Ubp1,Rps20,,
Ubr1,Rps21,,
Ubr3,Rps23,,
Ubr4,Rps24,,
Ubr7,Rps25,,
Ubtf,Rps26,,
Ubxn1,Rps27,,
Ubxn2b,Rps27a,,
Ubxn4,Rps28,,
Ubxn6,Rps3,,
Uchl1,Rps3a,,
Uchl5,Rps4x,,
Ufc1,Rps5,,
Ufd1,Rps6,,
Ufm1,Rps6ka1,,
Ugp2,Rps6ka2,,
Uhrf1bp1l,Rps6ka3,,
Ulk2,Rps6ka5,,
Ulk3,Rps6kb1,,
Umodl1,Rps6kb2,,
Umps,Rps6kc1,,
Unc119,Rps7,,
Unc13a,Rps8,,
Unc13c,Rps9,,
Unc45a,Rpsa,,
Unk,Rptor,,
Upf1,Rpusd2,,
Upf2,Rraga,,
Uprt,Rragb,,
Uqcc1,Rragc,,
Uqcc2,Rragd,,
Uqcr10,Rras,,
Uqcrb,Rrbp1,,
Uqcrc1,Rrm2b,,
Uqcrc2,Rrp12,,
Uqcrfs1,Rrp15,,
Uqcrh,Rrp1b,,
Uqcrq,Rrp7a,,
Urgcp,Rrs1,,
Uri1,Rsbn1,,
Use1,Rsl1d1,,
Ush2A,Rspo3,,
Uso1,Rsrc1,,
Usp10,Rsrc2,,
Usp13,Rsu1,,
Usp14,Rtcb,,
Usp15,Rtf1,,
Usp19,Rtf2,,
Usp20,Rtkn,,
Usp24,Rtn1,,
Usp25,Rtn3,,
Usp4,Rtn4,,
Usp45,RTRAF,,
Usp46,Rufy1,,
Usp47,Rufy2,,
Usp49,Rufy3,,
Usp5,Rundc1,,
Usp7,Rundc3a,,
Usp8,Rundc3b,,
Usp9x,Rusf1,,
Uvrag,Ruvbl1,,
Vac14,Ruvbl2,,
Vamp1,Rwdd3,,
Vamp2,Rwdd4,,
Vamp7,Ryr1,,
Vapa,Ryr2,,
Vapb,Ryr3,,
Vars1,S100a10,,
Vash1,S100a11,,
Vasp,S100a13,,
Vat1,S100a16,,
Vat1l,S100a4,,
Vav3,S100a6,,
Vbp1,S1pr3,,
Vcan,Saal1,,
Vcl,Sacm1l,,
Vcp,Sacs,,
Vcpip1,Sae1,,
Vdac1,Safb,,
Vdac2,Safb2,,
Vdac3,Samd14,,
Vegfc,Samd4b,,
Vezt,Samd8,,
Vim,Samhd1,,
Vipas39,Samm50,,
Vkorc1,Sap130,,
Vkorc1l1,Sap30bp,,
Vma21,Sar1a,,
Vmp1,Sar1b,,
Vps11,Saraf,,
Vps13a,Sarg,,
Vps13c,Sarm1,,
Vps16,Sarnp,,
Vps18,Sars1,,
Vps25,Sart1,,
Vps26b,Sart3,,
Vps26c,Sash1,,
Vps28,Sav1,,
Vps33a,Sbf1,,
Vps33b,Sbno1,,
Vps35,Sc5d,,
Vps35l,Scaf1,,
Vps36,Scaf4,,
Vps37a,Scaf8,,
Vps37c,Scamp1,,
Vps37d,Scamp3,,
Vps39,Scamp4,,
Vps45,Scamp5,,
Vps4a,Scap,,
Vps4b,Scd1,,
Vps50,Scfd1,,
Vps51,Scfd2,,
Vps53,Scg2,,
Vps8,Scn10a,,
Vps9d1,Scn11a,,
Vsnl1,Scn1a,,
Vta1,Scn4b,,
Vti1b,Scn8a,,
Vwa5a,Scn9a,,
Vwa5b2,Scnm1,,
Wars1,Scp2,,
Wasf1,Scrib,,
Wasf2,Scrn1,,
Wasf3,Scrn3,,
Washc1,Scyl1,,
Washc2,Scyl2,,
Washc4,Scyl3,,
Washc5,Sdcbp,,
Wasl,Sde2,,
Wbp2,Sdha,,
Wdfy3,Sdhaf4,,
Wdr1,Sdhb,,
Wdr11,Sec16a,,
Wdr13,Sec22a,,
Wdr20,Sec22b,,
Wdr24,Sec23ip,,
Wdr37,Sec24a,,
Wdr41,Sec31a,,
Wdr44,Sec61b,,
Wdr45,Sec62,,
Wdr45b,Sec63,,
Wdr46,Seh1l,,
Wdr47,Selenoi,,
Wdr48,Sema4c,,
Wdr54,Sema4d,,
Wdr7,Senp5,,
Wdr77,Senp6,,
Wdr91,Senp7,,
Wfs1,Sephs1,,
Wipf1,Sepsecs,,
Wipf2,Septin1,,
Wipf3,Septin11,,
Wipi2,Septin2,,
Wnk1,Septin3,,
Wnk2,Septin4,,
Wnk3,Septin5,,
Wrn,Septin6,,
Wrnip1,Septin7,,
Wwc1,Septin9,,
Wwc2,Serbp1,,
Wwox,Serpina1a,,
Wwp2,Serpina3k,,
Xab2,Serpinb1a,,
Xiap,Serpinb1b,,
Xirp2,Serpinb5,,
Xpnpep3,Serpinb6,,
Xpo4,Serpinf1,,
Xpo7,Serpinh1,,
Xrn1,Sestd1,,
Yars1,Set,,
Yeats2,Setd1a,,
Yes1,Setd2,,
Yif1b,Setd3,,
Yipf3,Setd7,,
Yipf6,Setdb1,,
Ykt6,Setdb2,,
Yod1,Sf1,,
Ythdc2,Sf3a1,,
Ythdf1,Sf3a2,,
Ywhab,Sf3a3,,
Ywhae,Sf3b1,,
Ywhag,Sf3b3,,
Ywhah,Sf3b6,,
Ywhaq,Sfi1,,
Ywhaz,Sfn,,
Zadh2,Sfpq,,
Zc2hc1a,Sfr1,,
Zc3h12c,Sfswap,,
Zc3h15,Sft2d3,,
Zc3h4,Sfxn3,,
Zc3hav1,Sgce,,
Zcchc17,Sgip1,,
Zdhhc14,Sgpl1,,
Zdhhc20,Sgpp1,,
Zdhhc3,Sgsm1,,
Zdhhc5,Sgsm3,,
Zdhhc8,Sgtb,,
Zfand2b,Sh3bgr,,
Zfand5,Sh3bgrl3,,
Zfand6,Sh3bp2,,
Zfyve1,Sh3bp4,,
Zfyve16,Sh3bp5l,,
Zfyve19,Sh3d19,,
Zfyve27,Sh3d21,,
Zfyve28,Sh3gl1,,
Zg16,Sh3gl2,,
Zmat2,Sh3glb1,,
Zmpste24,Sh3glb2,,
Zmym3,Sh3kbp1,,
Znf207,Sh3pxd2a,,
Znf330,Sh3pxd2b,,
Znf516,Shank1,,
Znf521,Shank2,,
Znf598,Sharpin,,
Znf638,Shc1,,
Znrd2,Shc3,,
Znrf3,Shc4,,
Zswim8,Shd,,
Zw10,Shf,,
Zwint,Shisa4,,
Zyg11b,Shmt2,,
Zyx,Shoc2,,
Zzef1,Shroom2,,
,Shroom3,,
,Shtn1,,
,Sik3,,
,Sike1,,
,Sin3a,,
,Sipa1,,
,Sipa1l1,,
,Sipa1l2,,
,Sipa1l3,,
,Sirpa,,
,Sirt2,,
,Sirt3,,
,Six4,,
,Skp1,,
,Skt,,
,Slain2,,
,Slc11a2,,
,Slc12a2,,
,Slc12a4,,
,Slc12a6,,
,Slc12a7,,
,Slc15a4,,
,Slc16a1,,
,Slc16a3,,
,Slc17a6,,
,Slc17a7,,
,Slc19a2,,
,Slc1a1,,
,Slc1a4,,
,Slc1a5,,
,Slc22a15,,
,Slc22a21,,
,Slc25a11,,
,Slc25a12,,
,Slc25a13,,
,Slc25a17,,
,Slc25a22,,
,Slc25a3,,
,Slc25a4,,
,Slc25a44,,
,Slc25a46,,
,Slc25a5,,
,Slc26a11,,
,Slc27a1,,
,Slc27a4,,
,Slc29a1,,
,Slc2a1,,
,Slc2a3,,
,Slc30a1,,
,Slc30a5,,
,Slc30a6,,
,Slc30a7,,
,Slc30a9,,
,Slc33a1,,
,Slc35a1,,
,Slc35a2,,
,Slc35b2,,
,Slc35b3,,
,Slc35c1,,
,Slc35e1,,
,Slc35f5,,
,Slc37a1,,
,Slc38a1,,
,Slc38a2,,
,Slc38a9,,
,Slc39a10,,
,Slc39a11,,
,Slc3a2,,
,Slc41a1,,
,Slc41a3,,
,Slc44a1,,
,Slc45a1,,
,Slc45a3,,
,Slc4a2,,
,Slc4a4,,
,Slc4a7,,
,Slc5a3,,
,Slc66a2,,
,Slc6a11,,
,Slc6a15,,
,Slc6a17,,
,Slc6a8,,
,Slc7a14,,
,Slc7a2,,
,Slc7a5,,
,Slc7a6os,,
,Slc7a7,,
,Slc8a1,,
,Slc8a3,,
,Slc9a1,,
,Slc9a3r1,,
,Slc9a3r2,,
,Slc9a9,,
,Slitrk2,,
,Slitrk3,,
,Slitrk5,,
,Slk,,
,Slmap,,
,Sltm,,
,Slu7,,
,Smad2,,
,Smad9,,
,Smap,,
,Smap1,,
,Smap2,,
,Smarca1,,
,Smarca2,,
,Smarca4,,
,Smarca5,,
,Smarcal1,,
,Smarcb1,,
,Smarcc1,,
,Smarcc2,,
,Smarcd3,,
,Smarce1,,
,Smc5,,
,Smchd1,,
,Smcr8,,
,Smg6,,
,Smg7,,
,Smg8,,
,Smg9,,
,Smim12,,
,Smim29,,
,Smn1,,
,Smndc1,,
,Smpd2,,
,Smpd4,,
,Smpx,,
,Smurf1,,
,Smyd4,,
,Snap25,,
,Snap29,,
,Snap47,,
,Snap91,,
,Snapin,,
,Snca,,
,Sncb,,
,Sncg,,
,Snd1,,
,Snf8,,
,Snn,,
,Snph,,
,Snrk,,
,Snrnp200,,
,Snrnp40,,
,Snrnp48,,
,Snrnp70,,
,Snrpa,,
,Snrpa1,,
,Snrpb,,
,Snrpb2,,
,Snrpc,,
,Snrpd1,,
,Snrpd2,,
,Snrpd3,,
,Snrpe,,
,Snrpg,,
,Snta1,,
,Sntb1,,
,Sntb2,,
,Snu13,,
,Snupn,,
,Snw1,,
,Snx1,,
,Snx10,,
,Snx11,,
,Snx12,,
,Snx13,,
,Snx14,,
,Snx15,,
,Snx16,,
,Snx17,,
,Snx18,,
,Snx19,,
,Snx2,,
,Snx27,,
,Snx29,,
,Snx3,,
,Snx4,,
,Snx5,,
,Snx6,,
,Snx7,,
,Snx9,,
,Soat1,,
,Sod1,,
,Sod2,,
,Soga3,,
,Son,,
,Sorbs1,,
,Sorbs2,,
,Sorbs3,,
,Sord,,
,Sos1,,
,Sos2,,
,Sowahc,,
,Sp2,,
,Spag1,,
,Spag7,,
,Spag9,,
,Spart,,
,Spast,,
,Spata13,,
,Spata2,,
,Spata5,,
,Spats2,,
,Spats2l,,
,Spcs1,,
,Spcs2,,
,Specc1l,,
,Speg,,
,Spen,,
,Spg21,,
,Sphk2,,
,Sphkap,,
,Spice1,,
,Spin1,,
,Spire2,,
,Spr,,
,Spred1,,
,Sprr1a,,
,Sprr1b,,
,Sprr2b,,
,Spry3,,
,Spry4,,
,Spryd4,,
,Spryd7,,
,Sptan1,,
,Sptb,,
,Sptbn1,,
,Sptlc1,,
,Sqstm1,,
,Sra1,,
,Srcin1,,
,Srebf2,,
,Srek1,,
,Srfbp1,,
,Srgap1,,
,Srgap2,,
,Srgap3,,
,Srm,,
,Srp14,,
,Srp19,,
,Srp54,,
,Srp68,,
,Srpk1,,
,Srpk2,,
,Srpra,,
,Srprb,,
,Srrm1,,
,Srrm2,,
,Srrm3,,
,Srrt,,
,Srsf1,,
,Srsf10,,
,Srsf2,,
,Srsf3,,
,Srsf4,,
,Srsf5,,
,Srsf6,,
,Srsf7,,
,Srsf9,,
,Srxn1,,
,Ss18l1,,
,Ssb,,
,Ssbp2,,
,Ssbp3,,
,Ssh2,,
,Ssr1,,
,Ssr3,,
,Ssrp1,,
,Ssu72,,
,Ssx2ip,,
,St13,,
,St3gal3,,
,Stab1,,
,Stac,,
,Stac2,,
,Stam,,
,Stam2,,
,Stambp,,
,Stambpl1,,
,Stard10,,
,Stard13,,
,Stard3nl,,
,Stat1,,
,Stat2,,
,Stat3,,
,Stat5b,,
,Stat6,,
,Stau1,,
,Stau2,,
,Stbd1,,
,Steap3,,
,Steep1,,
,Stim1,,
,Stim2,,
,Stip1,,
,Stk10,,
,Stk11,,
,Stk11ip,,
,Stk24,,
,Stk25,,
,Stk38,,
,Stk38l,,
,Stk39,,
,Stmn1,,
,Stmn2,,
,Stmn3,,
,Stom,,
,Stoml1,,
,Stoml2,,
,Stoml3,,
,Ston1,,
,Ston2,,
,Stox2,,
,Strada,,
,Strap,,
,Strbp,,
,Strepta,,
,Strip1,,
,Strip2,,
,Strn,,
,Strn3,,
,Strn4,,
,Stt3b,,
,Stub1,,
,Stx12,,
,Stx17,,
,Stx18,,
,Stx1b,,
,Stx2,,
,Stx5,,
,Stx6,,
,Stx7,,
,Stx8,,
,Stxbp1,,
,Stxbp3,,
,Stxbp4,,
,Stxbp5,,
,Stxbp5l,,
,Stxbp6,,
,Sub1,,
,Sucla2,,
,Suclg1,,
,Sugp1,,
,Sugp2,,
,Sugt1,,
,Sult4a1,,
,Sumo1,,
,Sumo2,,
,Sun1,,
,Sun2,,
,Supt16h,,
,Supt20h,,
,Supt5h,,
,Supt7l,,
,Surf4,,
,Surf6,,
,Sv2c,,
,Svil,,
,Svip,,
,Swap70,,
,Swi5,,
,Syap1,,
,Sybu,,
,Syde1,,
,Sympk,,
,Syn1,,
,Syn2,,
,Sync,,
,Syncrip,,
,Syndig1,,
,Syne1,,
,Syne2,,
,Syne3,,
,Syngr3,,
,Synj1,,
,Synm,,
,Synpo,,
,Synpo2,,
,Synrg,,
,Syp,,
,Syt1,,
,Syt11,,
,Syt2,,
,Syt4,,
,Syt6,,
,Syt7,,
,Sytl2,,
,Sytl4,,
,Syvn1,,
,Szt2,,
,Taar3,,
,Tab1,,
,Tab3,,
,Tacc1,,
,Tacc2,,
,Tacc3,,
,Taco1,,
,Tada3,,
,Taf12,,
,Taf3,,
,Taf4b,,
,Taf6,,
,Taf7,,
,Taf8,,
,Taf9,,
,Taf9b,,
,Tagln,,
,Tagln2,,
,Tagln3,,
,Taldo1,,
,Tamalin,,
,Tanc1,,
,Tanc2,,
,Tango6,,
,Tank,,
,Taok2,,
,Taok3,,
,Tapt1,,
,Tarbp2,,
,Tardbp,,
,Tars1,,
,Tars3,,
,Tas2r135,,
,Tasor,,
,Tasor2,,
,Tasp1,,
,Tatdn1,,
,Tax1bp3,,
,Taz,,
,Tbc1d1,,
,Tbc1d10a,,
,Tbc1d10b,,
,Tbc1d13,,
,Tbc1d15,,
,Tbc1d17,,
,Tbc1d20,,
,Tbc1d22a,,
,Tbc1d23,,
,Tbc1d2b,,
,Tbc1d30,,
,Tbc1d4,,
,Tbc1d5,,
,Tbc1d8,,
,Tbc1d8b,,
,Tbc1d9b,,
,Tbca,,
,Tbcb,,
,Tbcc,,
,Tbcd,,
,Tbce,,
,Tbcel,,
,Tbk1,,
,Tbl1x,,
,Tbl2,,
,Tbrg4,,
,Tcea1,,
,Tceal3,,
,Tceal5,,
,Tcerg1,,
,Tcf20,,
,Tcf25,,
,Tcof1,,
,Tcp1,,
,Tcp11l1,,
,Tcp11l2,,
,Tdp2,,
,Tdrd3,,
,Tdrd6,,
,Tdrd7,,
,Tdrd9,,
,Tdrkh,,
,Tdrp,,
,Tecpr1,,
,Tecr,,
,Telo2,,
,Ten1,,
,Tep1,,
,Tepsin,,
,Tes,,
,Tet1,,
,Tex10,,
,Tex13c1,,
,Tex2,,
,Tex264,,
,Tf,,
,Tfam,,
,Tfcp2,,
,Tfdp1,,
,Tfe3,,
,Tfeb,,
,Tfip11,,
,Tfrc,,
,Tgfb1i1,,
,Tgfbi,,
,Tgm1,,
,Tgm2,,
,Tgoln1,,
,Tgs1,,
,Them4,,
,Them6,,
,Thoc1,,
,Thoc2,,
,Thoc7,,
,Thop1,,
,Thra,,
,Thrap3,,
,Thsd7a,,
,Thtpa,,
,Thumpd1,,
,Thumpd3,,
,Thyn1,,
,Tial1,,
,Tiam1,,
,Ticam1,,
,Tigar,,
,Timm10,,
,Timm44,,
,Timm50,,
,Timm8a1,,
,Timmdc1,,
,Tiprl,,
,Tirap,,
,Tjp1,,
,Tjp2,,
,Tk2,,
,Tkt,,
,Tlcd1,,
,Tlcd4,,
,Tle1,,
,Tle5,,
,Tlk2,,
,Tln1,,
,Tln2,,
,Tm9sf2,,
,Tm9sf3,,
,Tma7,,
,Tmcc1,,
,Tmcc2,,
,Tmcc3,,
,Tmco1,,
,Tmed8,,
,Tmem100,,
,Tmem106a,,
,Tmem106b,,
,Tmem109,,
,Tmem115,,
,Tmem117,,
,Tmem131,,
,Tmem131l,,
,Tmem161a,,
,Tmem165,,
,Tmem176b,,
,Tmem179,,
,Tmem184c,,
,Tmem186,,
,Tmem200a,,
,Tmem205,,
,Tmem209,,
,Tmem214,,
,Tmem230,,
,Tmem245,,
,Tmem260,,
,Tmem263,,
,Tmem266,,
,Tmem30a,,
,Tmem35a,,
,Tmem41b,,
,Tmem45b,,
,Tmem65,,
,Tmem79,,
,Tmem87a,,
,Tmem87b,,
,Tmem9b,,
,Tmf1,,
,Tmod1,,
,Tmod2,,
,Tmod3,,
,Tmod4,,
,Tmpo,,
,Tmprss13,,
,Tmsb10,,
,Tmsb4x,,
,Tmx1,,
,Tmx2,,
,Tmx3,,
,Tmx4,,
,Tnfrsf21,,
,Tnik,,
,Tnip1,,
,Tnk2,,
,Tnks1bp1,,
,Tnpo1,,
,Tnpo2,,
,Tnrc6a,,
,Tnrc6b,,
,Tnrc6c,,
,Tns2,,
,Tns3,,
,Toe1,,
,Togaram1,,
,Tollip,,
,Tom1,,
,Tom1l1,,
,Tom1l2,,
,Tomm20,,
,Tomm22,,
,Tomm34,,
,Tomm40,,
,Tomm5,,
,Tomm70,,
,Top1,,
,Top2b,,
,Top3b,,
,Topbp1,,
,Tor1aip1,,
,Tox4,,
,Tp53bp1,,
,Tp53bp2,,
,Tpcn1,,
,Tpd52,,
,Tpd52l2,,
,Tpgs2,,
,Tpi1,,
,Tpm1,,
,Tpm2,,
,Tpm3,,
,Tpm4,,
,Tpp2,,
,Tppp,,
,Tppp3,,
,Tpr,,
,Tpt1,,
,Tra2b,,
,Tradd,,
,Traf3,,
,Trak1,,
,Trap1,,
,Trappc1,,
,Trappc10,,
,Trappc12,,
,Trappc14,,
,Trappc2l,,
,Trappc3,,
,Trappc4,,
,Trappc6b,,
,Trappc9,,
,Trarg1,,
,Trdn,,
,Triap1,,
,Trim12a,,
,Trim13,,
,Trim2,,
,Trim24,,
,Trim25,,
,Trim28,,
,Trim3,,
,Trim32,,
,Trim33,,
,Trim35,,
,Trim36,,
,Trim46,,
,Trim56,,
,Trim67,,
,Trim8,,
,Trim9,,
,Trio,,
,Triobp,,
,Trip10,,
,Trip12,,
,Trip4,,
,Triqk,,
,Trir,,
,Trmt1,,
,Trmt112,,
,Trmt1l,,
,Trmt5,,
,Trnt1,,
,Trpm1,,
,Trpm7,,
,Trpv1,,
,Trpv2,,
,Tsc1,,
,Tsc2,,
,Tsc22d1,,
,Tsc22d3,,
,Tsc22d4,,
,Tsg101,,
,Tsn,,
,Tsnax,,
,Tspyl4,,
,Tspyl5,,
,Tsr2,,
,Tssc4,,
,Tssk6,,
,Tst,,
,Ttbk1,,
,Ttbk2,,
,Ttc1,,
,Ttc12,,
,Ttc23l,,
,Ttc26,,
,Ttc3,,
,Ttc33,,
,Ttc39b,,
,Ttc4,,
,Ttc9,,
,Ttc9c,,
,Ttf2,,
,Tti1,,
,Ttl,,
,Ttll1,,
,Ttll10,,
,Ttll7,,
,Ttn,,
,Tuba1a,,
,Tuba4a,,
,Tuba8,,
,Tubal3,,
,Tubb2a,,
,Tubb2b,,
,Tubb3,,
,Tubb4a,,
,Tubb4b,,
,Tubb5,,
,Tubgcp2,,
,Tubgcp3,,
,Tubgcp6,,
,Tufm,,
,Tulp3,,
,TurboID,,
,Tusc2,,
,Tut4,,
,Tut7,,
,Twf1,,
,Twf2,,
,Txlna,,
,Txlng,,
,Txn,,
,Txn2,,
,Txndc9,,
,Txnl1,,
,Txnl4a,,
,Txnrd1,,
,Tyw1,,
,U2af1,,
,U2af2,,
,U2surp,,
,Uaca,,
,Uap1,,
,Uba1,,
,Uba2,,
,Uba3,,
,Uba5,,
,Uba6,,
,Ubac1,,
,Ubap1,,
,Ubap2,,
,Ubap2l,,
,Ubash3b,,
,Ube2e1,,
,Ube2f,,
,Ube2g1,,
,Ube2j1,,
,Ube2k,,
,Ube2m,,
,Ube2n,,
,Ube2o,,
,Ube2q1,,
,Ube2q2,,
,Ube2v1,,
,Ube2v2,,
,Ube3a,,
,Ube3c,,
,Ube4a,,
,Ube4b,,
,Ubfd1,,
,Ubiad1,,
,Ubl4a,,
,Ublcp1,,
,Ubp1,,
,Ubqln2,,
,Ubqln4,,
,Ubr1,,
,Ubr2,,
,Ubr3,,
,Ubr4,,
,Ubtf,,
,Ubxn1,,
,Ubxn2a,,
,Ubxn2b,,
,Ubxn4,,
,Ubxn6,,
,Ubxn7,,
,Uchl1,,
,Uchl3,,
,Uchl5,,
,Uck1,,
,Uckl1,,
,Ucn,,
,Uevld,,
,Ufc1,,
,Ufd1,,
,Ufl1,,
,Ufm1,,
,Ufsp2,,
,Ugp2,,
,Uhrf1bp1l,,
,Ulk1,,
,Ulk2,,
,Umps,,
,Unc119,,
,Unc45a,,
,Unk,,
,Upf1,,
,Upf2,,
,Uprt,,
,Uqcc1,,
,Uqcc2,,
,Uqcrc1,,
,Uqcrc2,,
,Uqcrfs1,,
,Uqcrh,,
,Urb1,,
,Urgcp,,
,Uri1,,
,Urm1,,
,Use1,,
,Ush1c,,
,Uso1,,
,Usp10,,
,Usp11,,
,Usp12,,
,Usp13,,
,Usp14,,
,Usp15,,
,Usp16,,
,Usp19,,
,Usp20,,
,Usp24,,
,Usp25,,
,Usp30,,
,Usp34,,
,Usp38,,
,Usp4,,
,Usp40,,
,Usp47,,
,Usp48,,
,Usp5,,
,Usp6nl,,
,Usp7,,
,Usp8,,
,Usp9x,,
,Utp14a,,
,Utp3,,
,Uvrag,,
,Vac14,,
,Vamp1,,
,Vamp2,,
,Vamp4,,
,Vamp5,,
,Vamp7,,
,Vapa,,
,Vapb,,
,Vars1,,
,Vasp,,
,Vat1,,
,Vat1l,,
,Vbp1,,
,Vcl,,
,Vcp,,
,Vcpip1,,
,Vdac1,,
,Vdac2,,
,Vdac3,,
,Vezt,,
,Vgll4,,
,Vim,,
,Vipas39,,
,Virma,,
,Vkorc1,,
,Vkorc1l1,,
,Vma21,,
,Vmp1,,
,Vnn1,,
,Vps11,,
,Vps13a,,
,Vps13b,,
,Vps13c,,
,Vps16,,
,Vps18,,
,Vps25,,
,Vps26c,,
,Vps28,,
,Vps33a,,
,Vps33b,,
,Vps35,,
,Vps36,,
,Vps37a,,
,Vps37c,,
,Vps39,,
,Vps41,,
,Vps45,,
,Vps4a,,
,Vps4b,,
,Vps50,,
,Vps51,,
,Vps52,,
,Vps53,,
,Vps54,,
,Vps72,,
,Vps8,,
,Vps9d1,,
,Vsnl1,,
,Vta1,,
,Vti1a,,
,Vti1b,,
,Vwa5a,,
,Vwf,,
,Wac,,
,Wapl,,
,Wars1,,
,Wasf1,,
,Wasf2,,
,Wasf3,,
,Washc1,,
,Washc2,,
,Washc3,,
,Washc4,,
,Washc5,,
,Wasl,,
,Wbp11,,
,Wbp2,,
,Wbp4,,
,Wdcp,,
,Wdfy1,,
,Wdfy3,,
,Wdhd1,,
,Wdr1,,
,Wdr11,,
,Wdr13,,
,Wdr18,,
,Wdr20,,
,Wdr24,,
,Wdr26,,
,Wdr33,,
,Wdr35,,
,Wdr37,,
,Wdr4,,
,Wdr41,,
,Wdr44,,
,Wdr45,,
,Wdr45b,,
,Wdr47,,
,Wdr48,,
,Wdr5,,
,Wdr59,,
,Wdr6,,
,Wdr62,,
,Wdr7,,
,Wdr70,,
,Wdr77,,
,Wdr81,,
,Wdr91,,
,Wdtc1,,
,Wfikkn2,,
,Wfs1,,
,Wipf1,,
,Wipf2,,
,Wipf3,,
,Wipi1,,
,Wipi2,,
,Wiz,,
,Wls,,
,Wnk1,,
,Wnk2,,
,Wnk3,,
,Wrap53,,
,Wrnip1,,
,Wsb2,,
,Wtap,,
,Wwc1,,
,Wwc2,,
,Wwox,,
,Wwp2,,
,Xab2,,
,Xiap,,
,Xk,,
,Xpnpep1,,
,Xpnpep3,,
,Xpo1,,
,Xpo4,,
,Xpo7,,
,Xrcc1,,
,Xrcc4,,
,Xrcc5,,
,Xrcc6,,
,Xrn1,,
,Yap1,,
,Yars1,,
,Ybx1,,
,Ybx3,,
,Yeats2,,
,Yes1,,
,Yif1a,,
,Yif1b,,
,Yipf3,,
,Yipf4,,
,Yipf5,,
,Yipf6,,
,Yju2,,
,Ykt6,,
,Ylpm1,,
,Ythdc1,,
,Ythdc2,,
,Ythdf1,,
,Ythdf2,,
,Ythdf3,,
,Ywhab,,
,Ywhae,,
,Ywhag,,
,Ywhah,,
,Ywhaq,,
,Ywhaz,,
,Zadh2,,
,Zbp1,,
,Zbtb7a,,
,Zc2hc1a,,
,Zc3h11a,,
,Zc3h12c,,
,Zc3h14,,
,Zc3h15,,
,Zc3h18,,
,Zc3h4,,
,Zc3h6,,
,Zc3hav1,,
,Zc3hc1,,
,Zcchc17,,
,Zcchc8,,
,Zcchc9,,
,Zdhhc13,,
,Zdhhc17,,
,Zdhhc2,,
,Zdhhc21,,
,Zdhhc23,,
,Zdhhc24,,
,Zdhhc3,,
,Zdhhc5,,
,Zdhhc7,,
,Zdhhc8,,
,Zeb1,,
,Zeb2,,
,Zfand2b,,
,Zfand5,,
,Zfand6,,
,Zfhx3,,
,Zfhx4,,
,Zfp120,,
,Zfp13,,
,Zfp91,,
,Zfpl1,,
,Zfr,,
,Zfyve1,,
,Zfyve16,,
,Zfyve19,,
,Zfyve27,,
,Zfyve28,,
,Zg16,,
,Zhx2,,
,Zhx3,,
,Zmat1,,
,Zmat2,,
,Zmat3,,
,Zmat4,,
,Zmiz1,,
,Zmym2,,
,Zmym3,,
,Zmym4,,
,Znf148,,
,Znf207,,
,Znf280c,,
,Znf281,,
,Znf318,,
,Znf326,,
,Znf330,,
,Znf346,,
,Znf385a,,
,Znf385b,,
,Znf511,,
,Znf512,,
,Znf516,,
,Znf521,,
,Znf532,,
,Znf536,,
,Znf592,,
,Znf598,,
,Znf609,,
,Znf622,,
,Znf638,,
,Znf672,,
,Znf687,,
,Znf800,,
,Znf827,,
,Znf830,,
,Znfx1,,
,Znhit6,,
,Znrd2,,
,Znrf3,,
,Zpr1,,
,Zranb2,,
,Zscan21,,
,Zswim1,,
,Zswim8,,
,Zw10,,
,Zwint,,
,Zyg11b,,
,Zyx,,
,Zzef1,,
,Zzz3,,
