"","ID","Description","setSize","enrichmentScore","NES","pvalue","p.adjust","qvalue","rank","leading_edge","core_enrichment"
"GOBP_ELECTRON_TRANSPORT_CHAIN","GOBP_ELECTRON_TRANSPORT_CHAIN","GOBP_ELECTRON_TRANSPORT_CHAIN",59,0.743048708818532,2.61398072346515,5.71537714507995e-15,5.95542298517331e-12,5.17993654938298e-12,524,"tags=73%, list=18%, signal=61%","Sod2/Adh5/Slc25a18/Ndufb5/Ndufa4/Cox7c/Ndufs5/Sdhc/Ndufs3/Dld/Gpd1/Etfdh/Ndufb3/Ghitm/Ndufv2/Ndufv1/Aldh2/Gsr/Slc25a12/Maob/Gpd2/Uqcrfs1/Ndufa9/Ndufb8/Ndufb9/Ndufs1/Uqcrb/Ndufa7/Sdhb/Ndufb10/Ndufa10/Etfa/Slc25a22/Ndufa2/Qdpr/Ndufa12/Ndufa3/Cox4i1/Ndufs7/Cox5b/Ndufs8/Ndufv3/Uqcrh"
"GOBP_RESPIRATORY_ELECTRON_TRANSPORT_CHAIN","GOBP_RESPIRATORY_ELECTRON_TRANSPORT_CHAIN","GOBP_RESPIRATORY_ELECTRON_TRANSPORT_CHAIN",49,0.775241087440397,2.63890152624796,1.99384114288072e-14,1.03879123544086e-11,9.03524854747527e-12,524,"tags=78%, list=18%, signal=64%","Sod2/Slc25a18/Ndufb5/Ndufa4/Cox7c/Ndufs5/Sdhc/Ndufs3/Dld/Gpd1/Etfdh/Ndufb3/Ghitm/Ndufv2/Ndufv1/Slc25a12/Gpd2/Uqcrfs1/Ndufa9/Ndufb8/Ndufb9/Ndufs1/Uqcrb/Ndufa7/Sdhb/Ndufb10/Ndufa10/Etfa/Slc25a22/Ndufa2/Ndufa12/Ndufa3/Cox4i1/Ndufs7/Cox5b/Ndufs8/Ndufv3/Uqcrh"
"GOBP_ORGANIC_ACID_METABOLIC_PROCESS","GOBP_ORGANIC_ACID_METABOLIC_PROCESS","GOBP_ORGANIC_ACID_METABOLIC_PROCESS",199,0.53038099962642,2.16173837282537,1.08613173584454e-12,3.77249756250002e-10,3.28126113881455e-10,560,"tags=45%, list=20%, signal=39%","Gad1/Acot7/Slc27a1/Acot11/Abcg2/Acsf2/Acad8/Pdhb/Adh5/C3/Hadhb/Gapdh/Acad9/Serinc5/Fads1/Hadha/Hadh/Psat1/Eci1/Ldhb/Dld/Got1/Fah/Gpd1/Idh2/Etfdh/Acsbg1/Slc4a1/Abat/Sucla2/Got2/Them4/Aldh18a1/Pgd/Dlat/Slc25a12/Hsd17b12/Farsb/Decr1/Tst/Mthfd1l/Aldh3a2/Oxsm/Vdac1/Abhd6/Acadl/Mthfd1/Acadsb/Mpc2/Glud1/Sdhb/Acat1/Pgk1/Eci2/Dlst/Etfa/Pdk2/Aldh6a1/Mdh1/Hacd3/Auh/Echs1/Pdk3/Acsf3/Acadvl/Ephx1/Cad/Qdpr/Acsl6/Acsl3/Fasn/Glul/Nos1/Eno2/Acadm/Hagh/Acaa2/Dagla/Idh3g/Acly/Abhd10/Dbt/Slc2a3/Ldha/Gmps/Pnpla8/Ggt7/Pycr2/Bcat1"
"GOBP_MITOCHONDRIAL_TRANSMEMBRANE_TRANSPORT","GOBP_MITOCHONDRIAL_TRANSMEMBRANE_TRANSPORT","GOBP_MITOCHONDRIAL_TRANSMEMBRANE_TRANSPORT",29,0.825221065400873,2.52143846877023,2.48727993468513e-11,5.99471568561091e-09,5.21411274402565e-09,464,"tags=83%, list=16%, signal=70%","Mpc1/Abcb8/Mcu/Slc25a18/Slc25a3/Slc25a1/Pnpt1/Atp5pb/Mrs2/Slc25a12/Aifm1/Abcb7/Timm44/Tst/Vdac1/Timm50/Mpc2/Slc25a15/Afg3l2/Pmpcb/Slc25a22/Maip1/Letm1/Sfxn5"
"GOBP_CELLULAR_RESPIRATION","GOBP_CELLULAR_RESPIRATION","GOBP_CELLULAR_RESPIRATION",77,0.657217295045162,2.39541739800387,2.87654303532193e-11,5.99471568561091e-09,5.21411274402565e-09,524,"tags=66%, list=18%, signal=56%","Slc25a25/Pdhb/Sod2/Slc25a18/Ndufb5/Ndufa4/Cox7c/Ndufs5/Sdhc/Ndufs3/Pnpt1/Dld/Gpd1/Idh2/Atp5pb/Etfdh/Ndufb3/Ghitm/Sucla2/Ndufv2/Ndufv1/Dlat/Slc25a12/Gpd2/Uqcrfs1/Ndufa9/Ndufb8/Ndufb9/Ndufs1/Uqcrb/Ndufa7/Sdhb/Ndufb10/Ndufa10/Dlst/Etfa/Rhoa/Mdh1/Slc25a22/Ndufa2/Ndufa12/Ndufa3/Cox4i1/Uqcrc2/Ndufs7/Trap1/Cox5b/Idh3g/Ndufs8/Ndufv3/Uqcrh"
"GOBP_OXIDATIVE_PHOSPHORYLATION","GOBP_OXIDATIVE_PHOSPHORYLATION","GOBP_OXIDATIVE_PHOSPHORYLATION",46,0.738366422793373,2.49888937737796,4.32808840935751e-11,7.51644687091755e-09,6.53769143939793e-09,551,"tags=72%, list=19%, signal=59%","Ndufb5/Ndufa4/Cox7c/Ndufs5/Sdhc/Ndufs3/Dld/Atp5pb/Ndufb3/Ghitm/Ndufv2/Ndufv1/Uqcrfs1/Ndufa9/Ndufb8/Ndufb9/Ndufs1/Uqcrb/Ndufa7/Ndufb10/Ndufa10/Rhoa/Ndufa2/Ndufa12/Ndufa3/Cox4i1/Uqcrc2/Ndufs7/Cox5b/Ndufs8/Ndufv3/Uqcrh/Nipsnap2"
"GOBP_ATP_SYNTHESIS_COUPLED_ELECTRON_TRANSPORT","GOBP_ATP_SYNTHESIS_COUPLED_ELECTRON_TRANSPORT","GOBP_ATP_SYNTHESIS_COUPLED_ELECTRON_TRANSPORT",39,0.76002724303405,2.49893435586741,1.68384121342407e-10,2.19320318048486e-08,1.90761484836596e-08,524,"tags=74%, list=18%, signal=62%","Ndufb5/Ndufa4/Cox7c/Ndufs5/Sdhc/Ndufs3/Dld/Ndufb3/Ghitm/Ndufv2/Ndufv1/Uqcrfs1/Ndufa9/Ndufb8/Ndufb9/Ndufs1/Uqcrb/Ndufa7/Ndufb10/Ndufa10/Ndufa2/Ndufa12/Ndufa3/Cox4i1/Ndufs7/Cox5b/Ndufs8/Ndufv3/Uqcrh"
"GOBP_MONOCARBOXYLIC_ACID_METABOLIC_PROCESS","GOBP_MONOCARBOXYLIC_ACID_METABOLIC_PROCESS","GOBP_MONOCARBOXYLIC_ACID_METABOLIC_PROCESS",132,0.55522727993164,2.15378077640303,1.6670179749101e-10,2.19320318048486e-08,1.90761484836596e-08,493,"tags=45%, list=17%, signal=39%","Acot7/Slc27a1/Acot11/Acsf2/Pdhb/Adh5/C3/Hadhb/Gapdh/Acad9/Fads1/Hadha/Hadh/Eci1/Ldhb/Dld/Fah/Gpd1/Idh2/Etfdh/Acsbg1/Slc4a1/Abat/Them4/Pgd/Dlat/Slc25a12/Hsd17b12/Decr1/Mthfd1l/Aldh3a2/Oxsm/Vdac1/Abhd6/Acadl/Acadsb/Mpc2/Acat1/Pgk1/Eci2/Etfa/Pdk2/Hacd3/Auh/Echs1/Pdk3/Acsf3/Acadvl/Ephx1/Acsl6/Acsl3/Fasn/Eno2/Acadm/Hagh/Acaa2/Dagla/Acly/Abhd10"
"GOBP_MITOCHONDRIAL_RESPIRATORY_CHAIN_COMPLEX_ASSEMBLY","GOBP_MITOCHONDRIAL_RESPIRATORY_CHAIN_COMPLEX_ASSEMBLY","GOBP_MITOCHONDRIAL_RESPIRATORY_CHAIN_COMPLEX_ASSEMBLY",27,0.806656473165069,2.44357600984471,7.36888692183564e-10,8.5315335250586e-08,7.42059840900642e-08,497,"tags=93%, list=17%, signal=77%","Ndufa11/Ndufb11/Ndufb5/Acad9/Ndufs5/Ndufs3/Ndufb3/Aifm1/Uqcrfs1/Ndufa9/Ndufb8/Ndufb9/Ndufs1/Ndufaf7/Ndufb10/Ndufa10/Ndufaf2/Uqcc1/Ndufaf4/Ndufa2/Ndufa12/Ndufa3/Ndufs7/Samm50/Ndufs8"
"GOBP_SMALL_MOLECULE_METABOLIC_PROCESS","GOBP_SMALL_MOLECULE_METABOLIC_PROCESS","GOBP_SMALL_MOLECULE_METABOLIC_PROCESS",356,0.432715155806676,1.83211408592976,1.895305636358e-09,1.97490847308503e-07,1.71774542410972e-07,560,"tags=36%, list=20%, signal=33%","Gad1/Acot7/Pdxp/Nsdhl/Slc27a1/Acot11/Abcg2/Acsf2/Acad8/Pdhb/Adh5/C3/Hadhb/Gapdh/Acad9/Plpp3/Pgm5/Serinc5/Fads1/Ddb1/Abca5/Chpt1/Hadha/Hadh/Psat1/Eci1/Ldhb/Slc25a1/Dld/Got1/Fah/Gpd1/Vkorc1/Idh2/Atp5pb/Gnai3/Etfdh/Acsbg1/Ak2/Slc4a1/Abat/Sucla2/Glrx/Got2/Them4/Aldh18a1/Aldh2/Pgd/Dlat/Slc25a12/Hsd17b12/Ak3/Pptc7/Farsb/Gpd2/Cnp/Decr1/Tst/Mthfd1l/Aldh3a2/Oxsm/Ndufa9/Vdac1/Abhd6/Coq6/Acadl/Mthfd1/Acadsb/Mpc2/Glud1/Sdhb/Slc25a15/Acat1/Pgk1/Eci2/Acot9/Dlst/Etfa/Kcnj11/Rhoa/Pdk2/Aldh6a1/Mdh1/Hacd3/Auh/Echs1/Coq3/Pdk3/Zmpste24/Acsf3/Vkorc1l1/Acadvl/Ephx1/Cad/Qdpr/Acsl6/Acsl3/Fasn/Glul/Nos1/Eno2/Acadm/Hagh/Acaa2/Ptk2b/Adk/Ncor2/Dagla/Idh3g/Acly/Abhd10/Ran/Dbt/Slc2a3/Gk/Ttc39b/Dtymk/Ldha/Gmps/Nfkb1/Itpk1/Cmpk1/Clybl/Pnpla8/Dab2/Ggt7/Pycr2/Pdxk/Bcat1"
"GOBP_ORGANIC_ACID_CATABOLIC_PROCESS","GOBP_ORGANIC_ACID_CATABOLIC_PROCESS","GOBP_ORGANIC_ACID_CATABOLIC_PROCESS",56,0.666085346844246,2.31574747283611,2.11006031767264e-09,1.99880259183172e-07,1.73852816604416e-07,463,"tags=57%, list=16%, signal=49%","Gad1/Acad8/Hadhb/Hadha/Hadh/Eci1/Dld/Got1/Fah/Etfdh/Abat/Got2/Pgd/Decr1/Tst/Acadl/Acadsb/Glud1/Acat1/Eci2/Dlst/Etfa/Aldh6a1/Auh/Echs1/Acsf3/Acadvl/Qdpr/Glul/Nos1/Acadm/Acaa2"
"GOBP_TRANSMEMBRANE_TRANSPORT","GOBP_TRANSMEMBRANE_TRANSPORT","GOBP_TRANSMEMBRANE_TRANSPORT",280,0.458122901333648,1.91942726358959,2.50407872960552e-09,2.17437503020746e-07,1.89123840893891e-07,623,"tags=38%, list=22%, signal=33%","Slc6a4/Gria3/Slc25a25/Slc27a1/Abcg2/Mpc1/Abcb8/Thy1/Glra1/C3/Mcu/Slc25a18/Vdac3/Ndufa4/Glrb/Hcn2/Timm22/Slc20a2/Abca5/Tmed10/Slc25a3/Slc25a1/Pnpt1/Slc44a2/Lrrc8a/Atp5pb/Wdr1/Slc4a8/Slc4a1/Gabrb3/Flna/Atp1b3/Glrx/Slc7a2/Mrs2/Slc30a9/Slc25a12/Aifm1/Abcb7/Cacng2/Timm44/Tomm22/Tst/Uqcrfs1/Vdac1/Vdac2/Slc6a6/Timm50/Clic4/Phb2/Mpc2/Atp1b2/Atp1b1/Slc25a11/Praf2/Ano10/Slc25a15/Kcnma1/Shank1/Kcnj11/Kcnc3/Slc7a5/Afg3l2/Slc32a1/Ywhah/Abca7/Pmpcb/Zmpste24/Tmem63a/Slc25a22/Slc6a5/Slc30a3/Cox6b1/Kcnj10/Cox4i1/Gabra3/Nos1/Maip1/Letm1/Atp13a1/Gria2/Ndufs7/Sfxn5/Ptk2b/Slc16a1/Cox5b/Svop/Slc8a1/Slc30a1/Slc2a3/Slc6a1/Abcb9/Uqcrh/Cacna1a/Gjc3/Scn8a/Nipsnap2/Slc12a2/Atp1a1/Sv2a/Hspa2/Slc3a2/Ryr2/Clip3/Atp6v1e1/Capn1/Stac"
"GOBP_AEROBIC_RESPIRATION","GOBP_AEROBIC_RESPIRATION","GOBP_AEROBIC_RESPIRATION",63,0.642188307255085,2.29083753797483,7.35984718454156e-09,5.89920058945562e-07,5.13103516266419e-07,551,"tags=65%, list=19%, signal=54%","Pdhb/Ndufb5/Ndufa4/Cox7c/Ndufs5/Sdhc/Ndufs3/Dld/Idh2/Atp5pb/Ndufb3/Ghitm/Sucla2/Ndufv2/Ndufv1/Dlat/Uqcrfs1/Ndufa9/Ndufb8/Ndufb9/Ndufs1/Uqcrb/Ndufa7/Sdhb/Ndufb10/Ndufa10/Dlst/Rhoa/Mdh1/Ndufa2/Ndufa12/Ndufa3/Cox4i1/Uqcrc2/Ndufs7/Cox5b/Idh3g/Ndufs8/Ndufv3/Uqcrh/Nipsnap2"
"GOBP_GENERATION_OF_PRECURSOR_METABOLITES_AND_ENERGY","GOBP_GENERATION_OF_PRECURSOR_METABOLITES_AND_ENERGY","GOBP_GENERATION_OF_PRECURSOR_METABOLITES_AND_ENERGY",148,0.512729110513907,2.02704632950909,1.04810505014489e-08,7.80089615893555e-07,6.78510111409588e-07,528,"tags=47%, list=18%, signal=41%","Slc25a25/Pdhb/Sod2/Adh5/Slc25a18/Ndufb5/Ndufa4/Gapdh/Cox7c/Ndufs5/Sdhc/Ndufs3/Pnpt1/Phka1/Dld/Cox6c/Gpd1/Idh2/Atp5pb/Etfdh/Ndufb3/Ghitm/Slc4a1/Pygm/Sucla2/Ndufv2/Ndufv1/Aldh2/Pgd/Dlat/Gsr/Slc25a12/Maob/Gpd2/Uqcrfs1/Ndufa9/Ndufb8/Ndufb9/Phb2/Ndufs1/Uqcrb/Ndufa7/Sdhb/Acat1/Pgk1/Ndufb10/Ndufa10/Dlst/Etfa/Rhoa/Mdh1/Slc25a22/Acadvl/Ndufa2/Qdpr/Ndufa12/Ndufa3/Cox4i1/Eno2/Acadm/Uqcrc2/Ndufs7/Trap1/Cox5b/Fech/Idh3g/Ndufs8/Ndufv3/Uqcrh/Ldha"
"GOBP_ENERGY_DERIVATION_BY_OXIDATION_OF_ORGANIC_COMPOUNDS","GOBP_ENERGY_DERIVATION_BY_OXIDATION_OF_ORGANIC_COMPOUNDS","GOBP_ENERGY_DERIVATION_BY_OXIDATION_OF_ORGANIC_COMPOUNDS",103,0.555530427336437,2.10213198565891,1.77668511788748e-08,1.23420392855917e-06,1.07349185017623e-06,524,"tags=53%, list=18%, signal=45%","Slc25a25/Pdhb/Sod2/Slc25a18/Ndufb5/Ndufa4/Cox7c/Ndufs5/Sdhc/Ndufs3/Pnpt1/Phka1/Dld/Gpd1/Idh2/Atp5pb/Etfdh/Ndufb3/Ghitm/Pygm/Sucla2/Ndufv2/Ndufv1/Dlat/Slc25a12/Gpd2/Uqcrfs1/Ndufa9/Ndufb8/Ndufb9/Ndufs1/Uqcrb/Ndufa7/Sdhb/Ndufb10/Ndufa10/Dlst/Etfa/Rhoa/Mdh1/Slc25a22/Acadvl/Ndufa2/Ndufa12/Ndufa3/Cox4i1/Acadm/Uqcrc2/Ndufs7/Trap1/Cox5b/Idh3g/Ndufs8/Ndufv3/Uqcrh"
"GOBP_THIOESTER_METABOLIC_PROCESS","GOBP_THIOESTER_METABOLIC_PROCESS","GOBP_THIOESTER_METABOLIC_PROCESS",29,0.753624971004619,2.30267872766167,8.16458075858724e-08,5.31718321902994e-06,4.6248052849629e-06,489,"tags=72%, list=17%, signal=61%","Acot7/Acot11/Acsf2/Pdhb/Slc25a1/Dld/Acsbg1/Sucla2/Dlat/Hsd17b12/Oxsm/Mpc2/Acat1/Acot9/Dlst/Pdk2/Pdk3/Acsf3/Acsl6/Acsl3/Acly"
"GOBP_MITOCHONDRIAL_ELECTRON_TRANSPORT_NADH_TO_UBIQUINONE","GOBP_MITOCHONDRIAL_ELECTRON_TRANSPORT_NADH_TO_UBIQUINONE","GOBP_MITOCHONDRIAL_ELECTRON_TRANSPORT_NADH_TO_UBIQUINONE",25,0.775955476128065,2.30777008206171,8.98205764990265e-08,5.50547298305798e-06,4.78857686474686e-06,506,"tags=80%, list=18%, signal=66%","Ndufb5/Ndufa4/Ndufs5/Ndufs3/Dld/Ndufb3/Ndufv2/Ndufv1/Ndufa9/Ndufb8/Ndufb9/Ndufs1/Ndufa7/Ndufb10/Ndufa10/Ndufa2/Ndufa3/Ndufs7/Ndufs8/Ndufv3"
"GOBP_ION_TRANSMEMBRANE_TRANSPORT","GOBP_ION_TRANSMEMBRANE_TRANSPORT","GOBP_ION_TRANSMEMBRANE_TRANSPORT",219,0.455369036453715,1.86574052084369,1.47117199953149e-07,8.5164512417323e-06,7.40748006781645e-06,632,"tags=40%, list=22%, signal=34%","Slc6a4/Gria3/Slc25a25/Slc27a1/Mpc1/Abcb8/Thy1/Glra1/Mcu/Slc25a18/Vdac3/Ndufa4/Glrb/Hcn2/Slc20a2/Slc25a3/Slc25a1/Lrrc8a/Atp5pb/Wdr1/Slc4a8/Slc4a1/Gabrb3/Flna/Atp1b3/Glrx/Slc7a2/Mrs2/Slc30a9/Slc25a12/Abcb7/Cacng2/Uqcrfs1/Vdac1/Vdac2/Slc6a6/Clic4/Phb2/Mpc2/Atp1b2/Atp1b1/Slc25a11/Praf2/Ano10/Slc25a15/Kcnma1/Shank1/Kcnj11/Kcnc3/Slc7a5/Afg3l2/Ywhah/Pmpcb/Zmpste24/Tmem63a/Slc25a22/Slc6a5/Slc30a3/Cox6b1/Kcnj10/Cox4i1/Gabra3/Nos1/Maip1/Letm1/Atp13a1/Gria2/Ndufs7/Sfxn5/Ptk2b/Slc16a1/Cox5b/Slc8a1/Slc30a1/Slc6a1/Uqcrh/Cacna1a/Scn8a/Nipsnap2/Slc12a2/Atp1a1/Hspa2/Slc3a2/Ryr2/Atp6v1e1/Capn1/Stac/Cdk5"
"GOBP_ION_TRANSPORT","GOBP_ION_TRANSPORT","GOBP_ION_TRANSPORT",301,0.416825815550565,1.75086287295706,2.48534982705199e-07,1.36301816830957e-05,1.18553252138048e-05,623,"tags=36%, list=22%, signal=32%","Slc6a4/Gria3/Slc25a25/Mgst1/Slc27a1/Abcg2/Mpc1/Abcb8/Thy1/Glra1/Mcu/Mlc1/Slc25a18/Vdac3/Ndufa4/Glrb/Hcn2/Serinc5/Rab3b/Slc20a2/Slc25a3/Slc25a1/Slc44a2/Lrrc8a/Atp5pb/Rab3a/Wdr1/Slc4a8/Slc4a1/Gabrb3/Flna/Abat/Atp1b3/Glrx/Slc7a2/Cltc/Mrs2/Slc30a9/Slc25a12/Maob/Abcb7/Gltp/Syt12/Cacng2/Get3/Uqcrfs1/Ndufa9/Vdac1/Vdac2/Slc6a6/Cntn1/Clic4/Phb2/Mpc2/Atp1b2/Atp1b1/Slc25a11/Praf2/Ano10/Slc25a15/Kcnma1/Shank1/Kcnj11/Kcnc3/Rhoa/Slc7a5/Afg3l2/Slc32a1/Ywhah/Pmpcb/Zmpste24/Tmem63a/Slc25a22/Slc6a5/Slc30a3/Cox6b1/Kcnj10/Cox4i1/Gabra3/Nos1/Maip1/Letm1/Atp13a1/Gria2/Ndufs7/Sfxn5/Ptk2b/Slc16a1/Cox5b/Slc8a1/Slc30a1/Slc2a3/Slc6a1/Uqcrh/Cacna1a/Pnpla8/Wfs1/Scn8a/Nipsnap2/Slc12a2/Atp1a1/Sv2a/Hspa2/Slc3a2/Ryr2/Atp6v1e1/Psap/Capn1/Stac"
"GOBP_ANION_TRANSMEMBRANE_TRANSPORT","GOBP_ANION_TRANSMEMBRANE_TRANSPORT","GOBP_ANION_TRANSMEMBRANE_TRANSPORT",48,0.651816872151388,2.21159377320957,2.94717746589324e-07,1.53547945973038e-05,1.33553673586004e-05,588,"tags=62%, list=21%, signal=50%","Slc27a1/Mpc1/Glra1/Slc25a18/Vdac3/Glrb/Slc20a2/Slc25a3/Slc25a1/Lrrc8a/Slc4a8/Slc4a1/Gabrb3/Slc7a2/Slc25a12/Vdac1/Vdac2/Mpc2/Slc25a11/Praf2/Slc25a15/Slc7a5/Slc25a22/Slc6a5/Kcnj10/Gabra3/Slc16a1/Slc6a1/Slc12a2/Slc3a2"
"GOBP_ANION_TRANSPORT","GOBP_ANION_TRANSPORT","GOBP_ANION_TRANSPORT",93,0.553984018790344,2.05918126551435,3.74919510490644e-07,1.86031490443453e-05,1.61807367685436e-05,609,"tags=49%, list=21%, signal=40%","Slc25a25/Mgst1/Slc27a1/Abcg2/Mpc1/Glra1/Slc25a18/Vdac3/Glrb/Serinc5/Slc20a2/Slc25a3/Slc25a1/Lrrc8a/Slc4a8/Slc4a1/Gabrb3/Abat/Slc7a2/Slc25a12/Gltp/Get3/Vdac1/Vdac2/Slc6a6/Clic4/Mpc2/Slc25a11/Praf2/Ano10/Slc25a15/Slc7a5/Slc32a1/Slc25a22/Slc6a5/Kcnj10/Gabra3/Sfxn5/Slc16a1/Slc2a3/Slc6a1/Pnpla8/Slc12a2/Sv2a/Slc3a2/Psap"
"GOBP_FATTY_ACID_METABOLIC_PROCESS","GOBP_FATTY_ACID_METABOLIC_PROCESS","GOBP_FATTY_ACID_METABOLIC_PROCESS",82,0.572155726466659,2.10039866268371,5.346657478382e-07,2.53237140567002e-05,2.2026182243478e-05,489,"tags=49%, list=17%, signal=42%","Acot7/Slc27a1/Acot11/Acsf2/Adh5/C3/Hadhb/Acad9/Fads1/Hadha/Hadh/Eci1/Etfdh/Acsbg1/Them4/Hsd17b12/Decr1/Aldh3a2/Oxsm/Abhd6/Acadl/Acadsb/Acat1/Eci2/Etfa/Pdk2/Hacd3/Auh/Echs1/Pdk3/Acsf3/Acadvl/Ephx1/Acsl6/Acsl3/Fasn/Acadm/Acaa2/Dagla/Acly"
"GOBP_MITOCHONDRION_ORGANIZATION","GOBP_MITOCHONDRION_ORGANIZATION","GOBP_MITOCHONDRION_ORGANIZATION",160,0.469779127271591,1.87539180773509,8.10097425970868e-07,3.67009355592019e-05,3.19219168769299e-05,469,"tags=36%, list=16%, signal=32%","Ndufa11/Agk/Lonp1/Sod2/Map1lc3a/Mcu/Ndufb11/Ndufb5/Acad9/Timm22/Pmpca/Dnajc11/Ndufs5/Ndufs3/Gdap1/Pnpt1/Rab3a/Ndufb3/Ghitm/Them4/Aifm1/Phb/Timm44/Cnp/Tomm22/Spire1/Uqcrfs1/Ndufa9/Vdac1/Vdac2/Ndufb8/Timm50/Ndufb9/Phb2/Ndufs1/Ndufaf7/Mfn2/Prdx3/Rhot1/Sfn/Ndufb10/Ndufa10/Afg3l2/Ndufaf2/Pmpcb/Uqcc1/Ndufaf4/Ndufa2/Ndufa12/Ndufa3/Cyrib/Maip1/Letm1/Vat1/Ndufs7/Acaa2/Samm50"
"GOBP_ATP_METABOLIC_PROCESS","GOBP_ATP_METABOLIC_PROCESS","GOBP_ATP_METABOLIC_PROCESS",86,0.550896268318923,2.02748351325963,9.41716208579889e-07,4.08861787225102e-05,3.55621778766353e-05,551,"tags=50%, list=19%, signal=42%","Slc25a25/Ndufb5/Ndufa4/Gapdh/Cox7c/Ndufs5/Sdhc/Ndufs3/Dld/Gpd1/Atp5pb/Ndufb3/Ak2/Ghitm/Slc4a1/Ndufv2/Ndufv1/Slc25a12/Uqcrfs1/Ndufa9/Ndufb8/Ndufb9/Ndufs1/Uqcrb/Ndufa7/Atp1b1/Pgk1/Ndufb10/Ndufa10/Rhoa/Ndufa2/Ndufa12/Ndufa3/Cox4i1/Eno2/Uqcrc2/Ndufs7/Cox5b/Ndufs8/Ndufv3/Uqcrh/Ldha/Nipsnap2"
"GOBP_NUCLEOSIDE_BISPHOSPHATE_METABOLIC_PROCESS","GOBP_NUCLEOSIDE_BISPHOSPHATE_METABOLIC_PROCESS","GOBP_NUCLEOSIDE_BISPHOSPHATE_METABOLIC_PROCESS",33,0.681975923224802,2.16661660630933,3.01191697235706e-06,0.000125536699407842,0.000109189916345239,489,"tags=64%, list=17%, signal=53%","Acot7/Acot11/Acsf2/Pdhb/Slc25a1/Dld/Acsbg1/Sucla2/Dlat/Hsd17b12/Oxsm/Mpc2/Acat1/Acot9/Dlst/Pdk2/Pdk3/Acsf3/Acsl6/Acsl3/Acly"
"GOBP_CELLULAR_AMINO_ACID_CATABOLIC_PROCESS","GOBP_CELLULAR_AMINO_ACID_CATABOLIC_PROCESS","GOBP_CELLULAR_AMINO_ACID_CATABOLIC_PROCESS",28,0.70853583119917,2.16337978761756,3.53964962933973e-06,0.000131725532634714,0.00011457286958126,508,"tags=68%, list=18%, signal=56%","Gad1/Acad8/Dld/Got1/Fah/Abat/Got2/Acadsb/Glud1/Acat1/Dlst/Etfa/Aldh6a1/Auh/Echs1/Qdpr/Glul/Nos1/Dbt"
"GOBP_SMALL_MOLECULE_BIOSYNTHETIC_PROCESS","GOBP_SMALL_MOLECULE_BIOSYNTHETIC_PROCESS","GOBP_SMALL_MOLECULE_BIOSYNTHETIC_PROCESS",107,0.509174581617135,1.93110240629124,3.29942155677835e-06,0.000131725532634714,0.00011457286958126,600,"tags=48%, list=21%, signal=39%","Acot7/Nsdhl/Serinc5/Fads1/Ddb1/Psat1/Slc25a1/Got1/Gpd1/Acsbg1/Abat/Sucla2/Got2/Aldh18a1/Pgd/Slc25a12/Hsd17b12/Pptc7/Mthfd1l/Oxsm/Ndufa9/Coq6/Acadl/Mthfd1/Glud1/Pgk1/Pdk2/Hacd3/Coq3/Acsf3/Acadvl/Cad/Qdpr/Fasn/Glul/Eno2/Acadm/Acaa2/Ptk2b/Adk/Acly/Dtymk/Nfkb1/Pnpla8/Dab2/Ggt7/Pycr2/Pdxk/Bcat1/Hmgcs1/Ogt"
"GOBP_ORGANONITROGEN_COMPOUND_BIOSYNTHETIC_PROCESS","GOBP_ORGANONITROGEN_COMPOUND_BIOSYNTHETIC_PROCESS","GOBP_ORGANONITROGEN_COMPOUND_BIOSYNTHETIC_PROCESS",306,0.396466186222406,1.66485917105242,3.52152056812855e-06,0.000131725532634714,0.00011457286958126,565,"tags=34%, list=20%, signal=31%","Acot7/Slc27a1/Mpdu1/Calr/Agk/Stt3a/Pdhb/Rpl27/Rps14/Rpl30/Mrps27/Rpl10a/Gapdh/Plpp3/Serinc5/Rpl9/Rpn1/Chpt1/Eif4a2/Rpl12/Psat1/Rpl5/Rpl31/Slc25a1/Pnpt1/Slc44a2/Dld/Got1/Atp5pb/Acsbg1/Ak2/Rps12/Abat/Sucla2/Got2/Cltc/Aldh18a1/Aldh2/Dlat/Slc25a12/Rps4x/Abcb7/Hsd17b12/Ak3/Ckmt1/Rps18/Farsb/Zdhhc3/Gfm1/Mthfd1l/Mtrf1/Ap2a1/Mthfd1/Rpl6/Mpc2/Glud1/Ndufa7/Tufm/Slc25a15/Acat1/Dhx36/Tm9sf2/Eif2s1/Elavl1/Rpl23/Rhoa/Pdk2/Hnrnpd/Hacd3/Abca7/Pdk3/Acsf3/Cad/Qdpr/Rpn2/Acsl6/Acsl3/Eif3l/Glul/Nos1/Cept1/Acadm/Zdhhc20/Hagh/Trap1/Ptk2b/Ostc/Abcf1/Fech/Adk/Acly/Dad1/Alg2/Svip/Dtymk/Gmps/Nfkb1/Cmpk1/Ggt7/Pycr2/Pdxk/Bcat1/Vps35/Eef1g/Rps2"
"GOBP_ORGANIC_ANION_TRANSPORT","GOBP_ORGANIC_ANION_TRANSPORT","GOBP_ORGANIC_ANION_TRANSPORT",67,0.564138101638339,2.02145785422486,5.64254884063591e-06,0.000202742616963539,0.000176342451970509,609,"tags=51%, list=21%, signal=41%","Slc25a25/Mgst1/Slc27a1/Abcg2/Mpc1/Slc25a18/Serinc5/Slc25a1/Lrrc8a/Slc4a8/Slc4a1/Abat/Slc7a2/Slc25a12/Gltp/Slc6a6/Mpc2/Slc25a11/Praf2/Slc25a15/Slc7a5/Slc32a1/Slc25a22/Slc6a5/Kcnj10/Sfxn5/Slc16a1/Slc2a3/Slc6a1/Pnpla8/Slc12a2/Sv2a/Slc3a2/Psap"
"GOBP_CELLULAR_AMINO_ACID_METABOLIC_PROCESS","GOBP_CELLULAR_AMINO_ACID_METABOLIC_PROCESS","GOBP_CELLULAR_AMINO_ACID_METABOLIC_PROCESS",58,0.590514368207278,2.07381527078734,6.14992109953009e-06,0.000213607259523679,0.000185792353217383,560,"tags=52%, list=20%, signal=42%","Gad1/Acad8/Serinc5/Psat1/Dld/Got1/Fah/Abat/Got2/Aldh18a1/Slc25a12/Farsb/Tst/Mthfd1/Acadsb/Glud1/Acat1/Dlst/Etfa/Aldh6a1/Auh/Echs1/Cad/Qdpr/Glul/Nos1/Dbt/Gmps/Pycr2/Bcat1"
"GOBP_CELLULAR_LIPID_METABOLIC_PROCESS","GOBP_CELLULAR_LIPID_METABOLIC_PROCESS","GOBP_CELLULAR_LIPID_METABOLIC_PROCESS",198,0.421881167257219,1.71517791133204,1.60563220248067e-05,0.000539699598382212,0.000469422521676012,541,"tags=35%, list=19%, signal=30%","Acot7/Slc27a1/Mpdu1/Acot11/Acsf2/Agk/Adh5/C3/Hadhb/Acad9/Plpp3/Serinc5/Fads1/Chpt1/Hadha/Hadh/Eci1/Slc44a2/Abhd16a/Gpd1/Etfdh/Acsbg1/Sccpdh/Them4/Gltp/Hsd17b12/Decr1/Plppr4/Aldh3a2/Oxsm/Abhd6/Agpat5/Acadl/Acadsb/Phb2/Sacm1l/Cds2/Acat1/Eci2/Tm9sf2/Etfa/Agpat1/Pdk2/Hacd3/Auh/Echs1/Pdk3/Zmpste24/Acsf3/Cdipt/Acadvl/Ephx1/Acsl6/Acsl3/Fasn/Cept1/Acadm/Acaa2/Agpat3/Agpat4/Dagla/Acly/Lamtor1/Alg2/Ppp2ca/Gk/Sirt2/Pi4ka/Pnpla8"
"GOBP_LIPID_METABOLIC_PROCESS","GOBP_LIPID_METABOLIC_PROCESS","GOBP_LIPID_METABOLIC_PROCESS",262,0.391809827432747,1.6316164316498,2.53718434151799e-05,0.000826170651206796,0.000718590696725983,612,"tags=35%, list=21%, signal=31%","Acot7/Nsdhl/Slc27a1/Mpdu1/Acot11/Acsf2/Agk/Acad8/Adh5/C3/Hadhb/Acad9/Plpp3/Serinc5/Fads1/Abca5/Chpt1/Hadha/Hadh/Eci1/Slc44a2/Fah/Abhd16a/Gpd1/Bdh1/Etfdh/Acsbg1/Acot13/Sccpdh/Them4/Gltp/Hsd17b12/Decr1/Plppr4/Aldh3a2/Oxsm/Abhd6/Agpat5/Acadl/Acadsb/Hsd17b11/Phb2/Sacm1l/Cds2/Acat1/Eci2/Tm9sf2/Etfa/Agpat1/Pdk2/Hacd3/Ywhah/Abca7/Auh/Echs1/Pdk3/Zmpste24/Acsf3/Cdipt/Acadvl/Ephx1/Acsl6/Acsl3/Fasn/Cept1/Acadm/Cdc42/Acaa2/Ptk2b/Slc16a1/Agpat3/Agpat4/Dagla/Acly/Lamtor1/Alg2/Ppp2ca/Gk/Ttc39b/Sirt2/Pi4ka/Nfkb1/Pnpla8/Dab2/Bcat1/Atp1a1/Plcl1/Hmgcs1/Cd81/Vav3/Capn2/Psap/Zadh2"
"GOBP_MONOCARBOXYLIC_ACID_CATABOLIC_PROCESS","GOBP_MONOCARBOXYLIC_ACID_CATABOLIC_PROCESS","GOBP_MONOCARBOXYLIC_ACID_CATABOLIC_PROCESS",30,0.664487799487487,2.04792843326168,3.38007886632278e-05,0.0010672855086995,0.000928308741277166,463,"tags=57%, list=16%, signal=48%","Hadhb/Hadha/Hadh/Eci1/Fah/Etfdh/Pgd/Decr1/Acadl/Acat1/Eci2/Etfa/Auh/Echs1/Acadvl/Acadm/Acaa2"
"GOBP_ALPHA_AMINO_ACID_METABOLIC_PROCESS","GOBP_ALPHA_AMINO_ACID_METABOLIC_PROCESS","GOBP_ALPHA_AMINO_ACID_METABOLIC_PROCESS",46,0.594495201450343,2.01197900926511,4.25511215209622e-05,0.00130406672426008,0.00113425744983122,560,"tags=52%, list=20%, signal=43%","Gad1/Acad8/Serinc5/Psat1/Got1/Fah/Got2/Aldh18a1/Slc25a12/Tst/Mthfd1/Acadsb/Glud1/Acat1/Dlst/Aldh6a1/Auh/Cad/Qdpr/Glul/Nos1/Gmps/Pycr2/Bcat1"
"GOBP_SULFUR_COMPOUND_BIOSYNTHETIC_PROCESS","GOBP_SULFUR_COMPOUND_BIOSYNTHETIC_PROCESS","GOBP_SULFUR_COMPOUND_BIOSYNTHETIC_PROCESS",27,0.674369492772762,2.04284372484476,5.81051999958e-05,0.00172987481130353,0.00150461886304914,545,"tags=63%, list=19%, signal=51%","Pdhb/Slc25a1/Dld/Acsbg1/Dlat/Hsd17b12/Mthfd1/Mpc2/Acat1/Pdk2/Pdk3/Acsf3/Acsl6/Acsl3/Hagh/Acly/Ggt7"
"GOBP_MYELOID_LEUKOCYTE_ACTIVATION","GOBP_MYELOID_LEUKOCYTE_ACTIVATION","GOBP_MYELOID_LEUKOCYTE_ACTIVATION",31,-0.586273680512321,-2.13242768086965,6.42047423479055e-05,0.00185837059795882,0.00161638254858323,491,"tags=42%, list=17%, signal=35%","Snx4/Vamp2/S100a13/Myo18a/Trpv1/Myd88/Snx6/Pja2/Prkcd/Cplx2/Mif/Crtc3/Camk4"
"GOBP_SMALL_MOLECULE_CATABOLIC_PROCESS","GOBP_SMALL_MOLECULE_CATABOLIC_PROCESS","GOBP_SMALL_MOLECULE_CATABOLIC_PROCESS",92,0.49268637951983,1.82673802101966,7.26508596680501e-05,0.00204600529119211,0.00177958435772948,513,"tags=45%, list=18%, signal=38%","Gad1/Pdxp/Acad8/Adh5/Hadhb/Hadha/Hadh/Eci1/Dld/Got1/Fah/Etfdh/Abat/Got2/Aldh2/Pgd/Slc25a12/Gpd2/Decr1/Tst/Acadl/Acadsb/Glud1/Acat1/Eci2/Dlst/Etfa/Aldh6a1/Auh/Echs1/Acsf3/Acadvl/Qdpr/Glul/Nos1/Eno2/Acadm/Hagh/Acaa2/Dbt/Gk"
"GOBP_INORGANIC_ION_TRANSMEMBRANE_TRANSPORT","GOBP_INORGANIC_ION_TRANSMEMBRANE_TRANSPORT","GOBP_INORGANIC_ION_TRANSMEMBRANE_TRANSPORT",178,0.416050393924969,1.67604587553725,8.92125699341e-05,0.00244630257556137,0.00212775686186316,632,"tags=37%, list=22%, signal=30%","Slc6a4/Slc25a25/Abcb8/Thy1/Glra1/Mcu/Slc25a18/Ndufa4/Glrb/Hcn2/Slc20a2/Slc25a3/Lrrc8a/Atp5pb/Slc4a8/Slc4a1/Gabrb3/Flna/Atp1b3/Glrx/Mrs2/Abcb7/Cacng2/Uqcrfs1/Vdac1/Slc6a6/Phb2/Atp1b2/Atp1b1/Slc25a11/Kcnma1/Kcnj11/Kcnc3/Afg3l2/Ywhah/Pmpcb/Slc25a22/Slc6a5/Slc30a3/Cox6b1/Kcnj10/Cox4i1/Gabra3/Nos1/Maip1/Letm1/Atp13a1/Ndufs7/Ptk2b/Cox5b/Slc8a1/Slc30a1/Slc6a1/Uqcrh/Cacna1a/Scn8a/Nipsnap2/Slc12a2/Atp1a1/Hspa2/Slc3a2/Ryr2/Atp6v1e1/Stac/Cdk5"
"GOBP_SULFUR_COMPOUND_METABOLIC_PROCESS","GOBP_SULFUR_COMPOUND_METABOLIC_PROCESS","GOBP_SULFUR_COMPOUND_METABOLIC_PROCESS",68,0.519751932984686,1.86610145276761,9.61168667403744e-05,0.00256804551649923,0.00223364702465485,581,"tags=47%, list=20%, signal=38%","Acot7/Acot11/Acsf2/Pdhb/Sod2/Gdap1/Slc25a1/Dld/Acsbg1/Sucla2/Dlat/Gsr/Abcb7/Hsd17b12/Tst/Oxsm/Mthfd1/Mpc2/Acat1/Acot9/Dlst/Pdk2/Pdk3/Acsf3/Acsl6/Acsl3/Hagh/Acly/Hscb/Ggt7/Eef1g/Hmgcs1"
"GOBP_INORGANIC_ANION_TRANSPORT","GOBP_INORGANIC_ANION_TRANSPORT","GOBP_INORGANIC_ANION_TRANSPORT",30,0.647209250572206,1.99467654265301,0.000103035065483877,0.00268406345585499,0.00233455766793731,306,"tags=50%, list=11%, signal=45%","Glra1/Vdac3/Glrb/Slc20a2/Slc25a3/Lrrc8a/Slc4a8/Slc4a1/Gabrb3/Get3/Vdac1/Vdac2/Clic4/Slc25a11/Ano10"
"GOBP_ENZYME_LINKED_RECEPTOR_PROTEIN_SIGNALING_PATHWAY","GOBP_ENZYME_LINKED_RECEPTOR_PROTEIN_SIGNALING_PATHWAY","GOBP_ENZYME_LINKED_RECEPTOR_PROTEIN_SIGNALING_PATHWAY",180,-0.313626736005054,-1.5786016788804,0.000127981661505542,0.00325260710460425,0.0028290683069646,904,"tags=38%, list=32%, signal=28%","Myo1e/Arhgef7/Zfand5/Tsc2/Tab1/Pak1/Stat6/Cul5/Osbpl8/Fkbp8/Ubash3b/Itgb1/Tsg101/Zfand2b/Hipk2/Efnb2/Nup93/Hck/Sos1/Hip1r/Hgs/Pdgfrb/Soga1/Nck1/Dok1/Dab2ip/Ube2o/Rgs14/Strap/Tradd/Ptpn11/Fermt2/Pip4k2a/Neo1/Pip4k2b/Reps2/Braf/Shc1/Spred2/Stub1/Ppp2r5b/Gsk3b/Mapk3/Spred1/Fgf12/Rps6kb1/Niban2/Gsk3a/Shc2/Hspb1/Abi1/Dusp3/Baiap2l1/Snx6/Prkaa1/Pip4k2c/Mvb12a/Cav2/Stat3/Stmn1/Vps25/Prkcd/Crk/Cpne3/Bmpr2/Smurf1/Csnk2b/Mt3"
"GOBP_ORGANIC_ACID_TRANSMEMBRANE_TRANSPORT","GOBP_ORGANIC_ACID_TRANSMEMBRANE_TRANSPORT","GOBP_ORGANIC_ACID_TRANSMEMBRANE_TRANSPORT",35,0.615493864817008,1.99301582887976,0.000136037652715079,0.00337502938402648,0.00293554934806222,474,"tags=51%, list=17%, signal=43%","Slc27a1/Mpc1/Slc25a18/Slc25a1/Lrrc8a/Slc7a2/Slc25a12/Slc6a6/Mpc2/Slc25a11/Praf2/Slc25a15/Slc7a5/Slc32a1/Slc25a22/Slc6a5/Kcnj10/Slc16a1"
"GOBP_CATION_TRANSMEMBRANE_TRANSPORT","GOBP_CATION_TRANSMEMBRANE_TRANSPORT","GOBP_CATION_TRANSMEMBRANE_TRANSPORT",183,0.402969009645211,1.62762220416258,0.000143721533531647,0.00348274041720874,0.00302923477039774,632,"tags=36%, list=22%, signal=30%","Slc6a4/Slc25a25/Abcb8/Thy1/Mcu/Slc25a18/Ndufa4/Hcn2/Slc20a2/Slc25a3/Atp5pb/Slc4a8/Flna/Atp1b3/Glrx/Slc7a2/Mrs2/Slc30a9/Abcb7/Cacng2/Uqcrfs1/Vdac1/Slc6a6/Phb2/Atp1b2/Atp1b1/Ano10/Slc25a15/Kcnma1/Shank1/Kcnj11/Kcnc3/Slc7a5/Afg3l2/Ywhah/Pmpcb/Tmem63a/Slc25a22/Slc6a5/Slc30a3/Cox6b1/Kcnj10/Cox4i1/Nos1/Maip1/Letm1/Atp13a1/Ndufs7/Ptk2b/Cox5b/Slc8a1/Slc30a1/Slc6a1/Uqcrh/Cacna1a/Scn8a/Nipsnap2/Slc12a2/Atp1a1/Hspa2/Slc3a2/Ryr2/Atp6v1e1/Capn1/Stac/Cdk5"
"GOBP_CELLULAR_RESPONSE_TO_ABIOTIC_STIMULUS","GOBP_CELLULAR_RESPONSE_TO_ABIOTIC_STIMULUS","GOBP_CELLULAR_RESPONSE_TO_ABIOTIC_STIMULUS",62,-0.4511747794052,-1.9366923913005,0.000179938683857961,0.0042612751949999,0.00370639250721781,632,"tags=47%, list=22%, signal=37%","Usp47/Rab11b/Nmt2/Casp9/Eef1d/Map3k20/Stk39/Oxsr1/Aqp1/Mapk3/Cul4b/Trpv1/Mapk13/Myd88/Bnip3/Slc9a1/Impact/Cab39/Ppid/Chek1/Map2k4/Prkcd/Casp1/Pten/Ddx3x/Bag3/Mtpn/Brcc3/Crip1"
"GOBP_CARBOXYLIC_ACID_TRANSPORT","GOBP_CARBOXYLIC_ACID_TRANSPORT","GOBP_CARBOXYLIC_ACID_TRANSPORT",55,0.54161079015771,1.88031908394164,0.000203753118000765,0.00471801664348437,0.00410365928885751,609,"tags=51%, list=21%, signal=41%","Slc27a1/Abcg2/Mpc1/Slc25a18/Serinc5/Slc25a1/Lrrc8a/Abat/Slc7a2/Slc25a12/Slc6a6/Mpc2/Slc25a11/Praf2/Slc25a15/Slc7a5/Slc32a1/Slc25a22/Slc6a5/Kcnj10/Sfxn5/Slc16a1/Slc6a1/Pnpla8/Slc12a2/Sv2a/Slc3a2/Psap"
"GOBP_ORGANIC_ACID_BIOSYNTHETIC_PROCESS","GOBP_ORGANIC_ACID_BIOSYNTHETIC_PROCESS","GOBP_ORGANIC_ACID_BIOSYNTHETIC_PROCESS",62,0.530805646817219,1.88486589001475,0.000209607185204934,0.00474805841268568,0.00412978916387753,560,"tags=45%, list=20%, signal=37%","Acot7/Serinc5/Fads1/Psat1/Got1/Acsbg1/Abat/Sucla2/Got2/Aldh18a1/Slc25a12/Hsd17b12/Mthfd1l/Oxsm/Acadl/Mthfd1/Glud1/Hacd3/Acsf3/Acadvl/Cad/Fasn/Glul/Acly/Pnpla8/Ggt7/Pycr2/Bcat1"
"GOBP_ORGANIC_ACID_TRANSPORT","GOBP_ORGANIC_ACID_TRANSPORT","GOBP_ORGANIC_ACID_TRANSPORT",65,0.510114448150316,1.82633180174651,0.000243164444219363,0.00539100746545908,0.00468901649435324,588,"tags=45%, list=21%, signal=36%","Slc27a1/Abcg2/Mpc1/Slc25a18/Serinc5/Slc25a1/Lrrc8a/Abat/Slc7a2/Got2/Slc25a12/Slc6a6/Mpc2/Slc25a11/Praf2/Slc25a15/Slc7a5/Slc32a1/Slc25a22/Slc6a5/Kcnj10/Acsl3/Sfxn5/Slc16a1/Slc6a1/Pnpla8/Slc12a2/Sv2a/Slc3a2"
"GOBP_FATTY_ACID_CATABOLIC_PROCESS","GOBP_FATTY_ACID_CATABOLIC_PROCESS","GOBP_FATTY_ACID_CATABOLIC_PROCESS",27,0.643685448215765,1.94989363064878,0.000271871556238233,0.00590187836667163,0.0051333642526561,463,"tags=56%, list=16%, signal=47%","Hadhb/Hadha/Hadh/Eci1/Etfdh/Decr1/Acadl/Acat1/Eci2/Etfa/Auh/Echs1/Acadvl/Acadm/Acaa2"
"GOBP_CARBOHYDRATE_DERIVATIVE_METABOLIC_PROCESS","GOBP_CARBOHYDRATE_DERIVATIVE_METABOLIC_PROCESS","GOBP_CARBOHYDRATE_DERIVATIVE_METABOLIC_PROCESS",170,0.405693317736582,1.6274529706467,0.000296169315370275,0.00629813115542503,0.00547801891587125,537,"tags=36%, list=19%, signal=31%","Acot7/Mpdu1/Acot11/Rab1b/Acsf2/Stt3a/Pdhb/Erp44/Gapdh/Rpn1/Slc25a1/Dld/Gpd1/Atp5pb/Gnai3/Acsbg1/Ak2/Slc4a1/Sucla2/Sccpdh/Cltc/Pgd/Dlat/Slc25a12/Gltp/Hsd17b12/Ak3/Gpd2/Oxsm/Abhd6/Ap2a1/Mpc2/Acat1/Pgk1/Acot9/Tm9sf2/Dlst/Rhoa/Pdk2/Abca7/Pdk3/Acsf3/Cad/Rpn2/Fbxo2/Acsl6/Acsl3/Eno2/Ostc/Adk/Acly/Abhd10/Cemip2/Ran/Dad1/Alg2/Gk/Dtymk/Ldha/Gmps/Nfkb1/Cmpk1"
"GOBP_FATTY_ACID_BETA_OXIDATION","GOBP_FATTY_ACID_BETA_OXIDATION","GOBP_FATTY_ACID_BETA_OXIDATION",25,0.648285980622597,1.92806808731632,0.000356369308373582,0.0072811141044171,0.00633300256985869,463,"tags=60%, list=16%, signal=51%","Hadhb/Hadha/Hadh/Eci1/Etfdh/Decr1/Acadl/Acat1/Eci2/Etfa/Auh/Echs1/Acadvl/Acadm/Acaa2"
"GOBP_TRANSMEMBRANE_RECEPTOR_PROTEIN_TYROSINE_KINASE_SIGNALING_PATHWAY","GOBP_TRANSMEMBRANE_RECEPTOR_PROTEIN_TYROSINE_KINASE_SIGNALING_PATHWAY","GOBP_TRANSMEMBRANE_RECEPTOR_PROTEIN_TYROSINE_KINASE_SIGNALING_PATHWAY",138,-0.322932177704453,-1.58521816150697,0.000354726538812633,0.0072811141044171,0.00633300256985869,904,"tags=38%, list=32%, signal=28%","Myo1e/Arhgef7/Zfand5/Tsc2/Pak1/Stat6/Cul5/Osbpl8/Ubash3b/Tsg101/Zfand2b/Efnb2/Hck/Sos1/Hip1r/Hgs/Pdgfrb/Soga1/Nck1/Dok1/Dab2ip/Rgs14/Tradd/Ptpn11/Pip4k2a/Pip4k2b/Reps2/Braf/Shc1/Stub1/Ppp2r5b/Gsk3b/Fgf12/Rps6kb1/Niban2/Gsk3a/Shc2/Hspb1/Abi1/Dusp3/Baiap2l1/Snx6/Prkaa1/Pip4k2c/Mvb12a/Cav2/Stat3/Stmn1/Vps25/Prkcd/Crk/Cpne3/Mt3"
"GOBP_CELLULAR_KETONE_METABOLIC_PROCESS","GOBP_CELLULAR_KETONE_METABOLIC_PROCESS","GOBP_CELLULAR_KETONE_METABOLIC_PROCESS",35,0.593464144026652,1.92168192167008,0.000435184764427716,0.00855589668931472,0.00744178911960801,542,"tags=46%, list=19%, signal=38%","Gpd1/Vkorc1/Got2/Pptc7/Gpd2/Ndufa9/Coq6/Acadl/Pdk2/Coq3/Pdk3/Vkorc1l1/Acadvl/Hagh/Ncor2/Dab2"
"GOBP_IMPORT_INTO_CELL","GOBP_IMPORT_INTO_CELL","GOBP_IMPORT_INTO_CELL",55,0.527432147491134,1.83109485710785,0.000427453367021197,0.00855589668931472,0.00744178911960801,588,"tags=44%, list=21%, signal=35%","Slc6a4/Slc27a1/Hcn2/Rab3b/Lrrc8a/Atp1b3/Slc7a2/Plppr4/Slc6a6/Atp1b2/Atp1b1/Kcnj11/Slc7a5/Slc6a5/Kcnj10/Acsl3/Nos1/Slc8a1/Slc30a1/Slc2a3/Slc6a1/Slc12a2/Atp1a1/Slc3a2"
"GOBP_NEGATIVE_REGULATION_OF_ACTIN_FILAMENT_POLYMERIZATION","GOBP_NEGATIVE_REGULATION_OF_ACTIN_FILAMENT_POLYMERIZATION","GOBP_NEGATIVE_REGULATION_OF_ACTIN_FILAMENT_POLYMERIZATION",30,-0.557698904945821,-2.02806352288139,0.000467055267094361,0.00901243682059859,0.00783888079860126,672,"tags=57%, list=24%, signal=44%","Hip1r/Capzb/Sptan1/Tmod2/Capg/Add2/Carmil2/Add1/Tmod1/Bbs4/Kank4/Arfgef1/Tmsb4x/Twf2/Prkcd/Twf1/Mtpn"
"GOBP_REGULATION_OF_PROTEIN_CONTAINING_COMPLEX_ASSEMBLY","GOBP_REGULATION_OF_PROTEIN_CONTAINING_COMPLEX_ASSEMBLY","GOBP_REGULATION_OF_PROTEIN_CONTAINING_COMPLEX_ASSEMBLY",147,-0.308209833671502,-1.52163782018827,0.000653991874973113,0.0123901733403997,0.0107767847722842,681,"tags=36%, list=24%, signal=29%","Hck/Hip1r/Capzb/Nck1/Sptan1/Fchsd2/Tmod2/Tppp3/Capg/Dab2ip/Lcp1/Add2/Ptpn11/Fermt2/Carmil2/Sh3glb1/Bin1/Evl/Fkbp4/Add1/Stxbp5/Slain2/Stub1/Sar1a/Ppp2r5b/Gsk3b/Park7/Arhgap28/Cdkn1b/Myd88/Tmod1/Mapre1/Bbs4/Vasp/Arl2/Kank4/Arfgef1/Baiap2l1/Snx9/Dbn1/Impact/Ctnnbip1/Stmn1/Tmsb4x/Twf2/Nek7/Prkcd/Ddx3x/Twf1/Arpc2/Mtpn/Arpc1b/Arpc5"
"GOBP_NEGATIVE_REGULATION_OF_CELL_CYCLE_PROCESS","GOBP_NEGATIVE_REGULATION_OF_CELL_CYCLE_PROCESS","GOBP_NEGATIVE_REGULATION_OF_CELL_CYCLE_PROCESS",30,-0.548813185879577,-1.99575074164225,0.000674632173469738,0.0125529772277762,0.0109183891232602,686,"tags=53%, list=24%, signal=41%","Dync1li1/Usp47/Brsk1/Dab2ip/Ptpn11/Vps4a/Map3k20/Zwint/Ppp2r5b/Cdkn1b/Chmp2a/Chek1/Zw10/Pten/Brcc3/Fhl1"
"GOBP_VESICLE_LOCALIZATION","GOBP_VESICLE_LOCALIZATION","GOBP_VESICLE_LOCALIZATION",82,-0.38186526772085,-1.76779418019182,0.000720033656261454,0.0131627205232357,0.0114487345898636,794,"tags=44%, list=28%, signal=33%","Ap3b2/Chmp3/Ap3s2/Cul3/Tsg101/Kif5c/Hgs/Stam/Synj1/Rab11b/Brsk1/Septin5/Vps4a/Brsk2/Kif5a/Sar1a/Kif3b/Csnk1d/Dync1i1/Snap29/Ap3d1/Snap91/Bbs4/Chmp2a/Ppp6c/Syn2/Ikbkg/Rab27b/Snapin/Kifap3/Vps4b/Fbxw11/Dctn2/Pten/Syn1/Cops5"
"GOBP_ACTIN_FILAMENT_POLYMERIZATION","GOBP_ACTIN_FILAMENT_POLYMERIZATION","GOBP_ACTIN_FILAMENT_POLYMERIZATION",71,-0.385468313247573,-1.70564094273659,0.000761917303000368,0.0136882384435583,0.0119058221031455,681,"tags=42%, list=24%, signal=33%","Hck/Hip1r/Capzb/Nck1/Sptan1/Fchsd2/Tmod2/Capg/Add2/Carmil2/Bin1/Evl/Add1/Arhgap28/Tmod1/Bbs4/Vasp/Kank4/Arfgef1/Baiap2l1/Snx9/Dbn1/Tmsb4x/Twf2/Prkcd/Twf1/Arpc2/Mtpn/Arpc1b/Arpc5"
"GOBP_REGULATION_OF_PROTEIN_POLYMERIZATION","GOBP_REGULATION_OF_PROTEIN_POLYMERIZATION","GOBP_REGULATION_OF_PROTEIN_POLYMERIZATION",96,-0.364829983726769,-1.70208499282019,0.000791846858991975,0.0139848207977905,0.0121637849347385,819,"tags=50%, list=29%, signal=37%","Rdx/Rictor/Camsap3/Arhgef7/Pak1/Tppp/Gsn/Clip1/Arf6/Arl3/Mapt/Hck/Hip1r/Capzb/Nck1/Sptan1/Fchsd2/Tmod2/Tppp3/Capg/Add2/Carmil2/Bin1/Evl/Fkbp4/Add1/Slain2/Arhgap28/Cdkn1b/Tmod1/Mapre1/Bbs4/Vasp/Arl2/Kank4/Arfgef1/Baiap2l1/Snx9/Dbn1/Stmn1/Tmsb4x/Twf2/Prkcd/Twf1/Arpc2/Mtpn/Arpc1b/Arpc5"
"GOBP_LIPID_OXIDATION","GOBP_LIPID_OXIDATION","GOBP_LIPID_OXIDATION",30,0.604475370652577,1.86297220162749,0.000863756524066934,0.0149190364631749,0.0129763515454022,463,"tags=53%, list=16%, signal=45%","Adh5/Hadhb/Hadha/Hadh/Eci1/Etfdh/Decr1/Acadl/Acat1/Eci2/Etfa/Auh/Echs1/Acadvl/Acadm/Acaa2"
"GOBP_CELLULAR_AMIDE_METABOLIC_PROCESS","GOBP_CELLULAR_AMIDE_METABOLIC_PROCESS","GOBP_CELLULAR_AMIDE_METABOLIC_PROCESS",225,0.370011446188195,1.51982210931802,0.000873379293909474,0.0149190364631749,0.0129763515454022,472,"tags=28%, list=17%, signal=25%","Acot7/Acot11/Calr/Acsf2/Agk/Pdhb/Sod2/Rpl27/Rps14/Rpl30/Mrps27/Rpl10a/Gapdh/Plpp3/Rpl9/Eif4a2/Rpl12/Rpl5/Rpl31/Tmed10/Gdap1/Slc25a1/Pnpt1/Dld/Acsbg1/Rps12/Sucla2/Dlat/Gsr/Rps4x/Hsd17b12/Rps18/Farsb/Gfm1/Oxsm/Mtrf1/Rpl6/Mpc2/Ndufa7/Tufm/Slc25a15/Acat1/Acot9/Dhx36/Tm9sf2/Eif2s1/Elavl1/Dlst/Rpl23/Rhoa/Pdk2/Hnrnpd/Spcs1/Abca7/Pdk3/Acsf3/Acsl6/Acsl3/Eif3l/Hagh/Trap1/Ptk2b/Abcf1"
"GOBP_AMINO_ACID_TRANSPORT","GOBP_AMINO_ACID_TRANSPORT","GOBP_AMINO_ACID_TRANSPORT",39,0.561960964167042,1.84770160923098,0.000900432633698417,0.0151330774889315,0.0131625211819072,588,"tags=49%, list=21%, signal=39%","Slc25a18/Serinc5/Lrrc8a/Abat/Slc7a2/Slc25a12/Slc6a6/Praf2/Slc25a15/Slc7a5/Slc32a1/Slc25a22/Slc6a5/Kcnj10/Sfxn5/Slc6a1/Slc12a2/Sv2a/Slc3a2"
"GOBP_IMPORT_ACROSS_PLASMA_MEMBRANE","GOBP_IMPORT_ACROSS_PLASMA_MEMBRANE","GOBP_IMPORT_ACROSS_PLASMA_MEMBRANE",38,0.569644347676453,1.87214170283941,0.00100949882670791,0.0166967901179308,0.0145226147000085,588,"tags=50%, list=21%, signal=40%","Slc27a1/Hcn2/Lrrc8a/Atp1b3/Slc7a2/Slc6a6/Atp1b2/Atp1b1/Kcnj11/Slc7a5/Slc6a5/Kcnj10/Slc8a1/Slc30a1/Slc2a3/Slc6a1/Slc12a2/Atp1a1/Slc3a2"
"GOBP_RESPONSE_TO_GROWTH_FACTOR","GOBP_RESPONSE_TO_GROWTH_FACTOR","GOBP_RESPONSE_TO_GROWTH_FACTOR",135,-0.324259114558799,-1.59941084983088,0.0012214525390919,0.01988677415209,0.0172972144104955,680,"tags=30%, list=24%, signal=24%","Sos1/Hgs/Pdgfrb/Ehd1/Dab2ip/Ube2o/Ehd4/Strap/Ptpn11/Fermt2/Usp8/Neo1/Shc1/Spred2/Stub1/Ppp2r5b/Csnk1d/Coro1b/Mapk3/Spred1/Trpv1/Fgf12/Rps6kb1/Niban2/Cd44/Gclm/Hspb1/Dusp3/Snx6/Emd/Cav2/Stat3/Twf2/Sh3gl2/Crk/Cpne3/Pdcd5/Bmpr2/Smurf1/Mt3"
"GOBP_PROTEIN_POLYMERIZATION","GOBP_PROTEIN_POLYMERIZATION","GOBP_PROTEIN_POLYMERIZATION",118,-0.329238871701328,-1.56471364352764,0.00128708535367631,0.020632968285088,0.0179462427451871,819,"tags=47%, list=29%, signal=35%","Rdx/Rictor/Camsap3/Arhgef7/Tubgcp3/Pak1/Tppp/Gsn/Chmp3/Clip1/Arf6/Arl3/Mapt/Hck/Hip1r/Capzb/Nck1/Sptan1/Chmp4b/Fchsd2/Tmod2/Tppp3/Ranbp9/Capg/Add2/Carmil2/Bin1/Dnm1l/Evl/Fkbp4/Add1/Slain2/Arhgap28/Csnk1d/Cdkn1b/Tmod1/Mapre1/Bbs4/Vasp/Arl2/Kank4/Arfgef1/Baiap2l1/Chmp2a/Fgf13/Snx9/Dbn1/Stmn1/Tmsb4x/Twf2/Prkcd/Twf1/Arpc2/Mtpn/Arpc1b/Arpc5"
"GOBP_CYTOPLASMIC_TRANSLATION","GOBP_CYTOPLASMIC_TRANSLATION","GOBP_CYTOPLASMIC_TRANSLATION",43,0.544824927266381,1.82418552564037,0.00130907274144591,0.0206674817664642,0.0179762620476065,356,"tags=37%, list=12%, signal=33%","Rpl27/Rps14/Rpl30/Rpl10a/Rpl9/Eif4a2/Rpl12/Rpl5/Rpl31/Rps12/Rps4x/Rps18/Rpl6/Dhx36/Rpl23/Hnrnpd"
"GOBP_NEGATIVE_REGULATION_OF_SUPRAMOLECULAR_FIBER_ORGANIZATION","GOBP_NEGATIVE_REGULATION_OF_SUPRAMOLECULAR_FIBER_ORGANIZATION","GOBP_NEGATIVE_REGULATION_OF_SUPRAMOLECULAR_FIBER_ORGANIZATION",72,-0.388090602065343,-1.72429174228649,0.00142823786471295,0.0218856449269248,0.0190358018810812,672,"tags=51%, list=24%, signal=40%","Apc2/Pfdn5/Rdx/Camsap3/Arhgef7/Katnb1/Gsn/Coro2b/Pick1/Hip1r/Capzb/Ctnna2/Arpin/Sptan1/Tmod2/Capg/Add2/Carmil2/Fkbp4/Add1/Arhgap28/Coro1b/Pfdn6/Tmod1/Pfdn2/Mapre1/Bbs4/Kank4/Arfgef1/Fgf13/Arap1/Stmn1/Tmsb4x/Twf2/Prkcd/Twf1/Mtpn"
"GOBP_REGULATION_OF_CELLULAR_COMPONENT_BIOGENESIS","GOBP_REGULATION_OF_CELLULAR_COMPONENT_BIOGENESIS","GOBP_REGULATION_OF_CELLULAR_COMPONENT_BIOGENESIS",307,-0.248684098988218,-1.34674015356882,0.00141973627624773,0.0218856449269248,0.0190358018810812,672,"tags=30%, list=24%, signal=26%","Hip1r/Capzb/Hgs/Rab3gap2/Nck1/Dpysl3/Stam/Sptan1/Chmp4b/Fchsd2/Sirt3/Tmod2/Tppp3/Capg/Dab2ip/Srgap2/Lcp1/Rab3gap1/Atg3/Add2/Ptpn11/Dnajb1/Fermt2/Carmil2/Sh3glb1/Bin1/Vcl/Vps4a/Snx4/Pip4k2a/Evl/Pip4k2b/Fkbp4/Tbc1d5/Add1/Pla2g6/Stxbp5/Slain2/Stub1/Sar1a/Tpm1/Ppp2r5b/Gsk3b/Park7/Slk/Arhgap28/Dnajb2/Cdkn1b/Myd88/Tmod1/Mapre1/Bbs4/Slc9a1/Pdlim5/Vasp/Arl2/Kank4/Dusp3/Arfgef1/Baiap2l1/Nudt16/Tbc1d10b/Mtm1/Chmp2a/Rabgap1/Prkaa1/Pip4k2c/Cep97/Arap1/Snx9/Dbn1/S100a10/Abi2/Impact/Ctnnbip1/Stmn1/Tmsb4x/Vps4b/Snx7/Twf2/Nek7/Ppm1e/Prkcd/Sema4d/Pten/Ddx3x/Twf1/Arpc2/Adprh/Mtpn/Arpc1b/Arpc5/Nectin1"
"GOBP_RESPONSE_TO_UV","GOBP_RESPONSE_TO_UV","GOBP_RESPONSE_TO_UV",28,-0.514547756124236,-1.83593749195144,0.00147645866388751,0.0222966656198664,0.0193933014432821,632,"tags=54%, list=22%, signal=42%","Usp47/Brsk1/Casp9/Aqp1/Cul4b/Mapk13/Prkaa1/Impact/Map4k3/Map2k7/Ppid/Chek1/Prkcd/Casp1/Crip1"
"GOBP_RESPONSE_TO_ORGANIC_CYCLIC_COMPOUND","GOBP_RESPONSE_TO_ORGANIC_CYCLIC_COMPOUND","GOBP_RESPONSE_TO_ORGANIC_CYCLIC_COMPOUND",169,0.386959841081158,1.55288143889681,0.00157971460939806,0.0235151803284683,0.020453147047996,632,"tags=33%, list=22%, signal=27%","Slc6a4/Pdxp/Calr/Padi2/Sod2/Map1lc3a/Rpl27/Mlc1/Hcn2/Acta1/Gdap1/Pnpt1/Got1/Gpd1/Vkorc1/Gnai3/Acsbg1/Gabrb3/Flna/Abat/Maob/Aifm1/Phb/Gnaz/Phb2/Prmt5/Rnf14/Gnai1/Acat1/Rap1a/Dhx36/Kcnj11/Rhoa/Hnrnpd/Ywhah/Ephx1/Eno2/Gnao1/Ptk2b/Slc16a1/Gnb1/Ncor2/Ran/Slc8a1/Sirt2/Slc6a1/Nfkb1/Dab2/Vps35/Atp1a1/Uri1/Slc3a2/Ryr2/Hnrnpu/Pik3ca/Cdk5"
"GOBP_NEGATIVE_REGULATION_OF_CYTOSKELETON_ORGANIZATION","GOBP_NEGATIVE_REGULATION_OF_CYTOSKELETON_ORGANIZATION","GOBP_NEGATIVE_REGULATION_OF_CYTOSKELETON_ORGANIZATION",66,-0.388278297035551,-1.7061957200133,0.00163062633779246,0.0237827517680467,0.020685876626213,672,"tags=50%, list=24%, signal=39%","Rdx/Camsap3/Arhgef7/Katnb1/Gsn/Coro2b/Pick1/Hip1r/Capzb/Ctnna2/Arpin/Sptan1/Tmod2/Capg/Add2/Carmil2/Fkbp4/Add1/Arhgap28/Coro1b/Tmod1/Mapre1/Bbs4/Kank4/Arfgef1/Fgf13/Arap1/Stmn1/Tmsb4x/Twf2/Prkcd/Twf1/Mtpn"
"GOBP_CYTOSKELETON_ORGANIZATION","GOBP_CYTOSKELETON_ORGANIZATION","GOBP_CYTOSKELETON_ORGANIZATION",435,-0.235652515488689,-1.30250884492309,0.00164333793406849,0.0237827517680467,0.020685876626213,803,"tags=35%, list=28%, signal=30%","Iqsec1/Ablim1/Itgb1/Chmp3/Clip1/Pak4/Coro2b/Cul3/Phactr1/Vcp/Arf6/Txndc9/Fmnl1/Trim36/Chmp5/Eml4/Arl3/Pick1/Ttl/Mapt/Crmp1/Rae1/Dync1li1/Hck/Hip1r/Capzb/Pdgfrb/Agap2/Epb41/Ctnna2/Nck1/Specc1l/Arpin/Cfap410/Dpysl3/Spast/Sptan1/Chmp4b/Fchsd2/Pip5k1c/Tmod2/Tppp3/Ranbp9/Brsk1/Capg/Mprip/Srgap2/Rgs14/Phactr3/Lcp1/Ank2/Nf1/Add2/Abraxas2/Mical1/Katnal2/Arfgef3/Fermt2/Carmil2/Bin1/Cetn2/Gas2/Vps4a/Map3k20/Brsk2/Evl/Map7/Fkbp4/Tln2/Shc1/Add1/Ank1/Slain2/Eml1/Arhgap17/Clip2/Enah/Tuba4a/Tpm1/Aqp1/Myo18a/Ophn1/Chordc1/Kif3b/Gsk3b/Slk/Arhgap28/Epb41l3/Csnk1d/Coro1b/Mapk3/Nudc/Ccdc120/Cdkn1b/Tmod1/Pfdn2/Mapre1/Arfip2/Bbs4/Slc9a1/Pdlim5/Cdc42bpa/Tbcel/Ttll1/Vasp/Abi1/Arl2/Kank4/Arfgef1/Baiap2l1/Sod1/Parvb/Csrp1/Pdlim1/Dctn6/Mtm1/Cap1/Chmp2a/Fgf13/Arhgdia/Prkaa1/Dpysl2/Cep97/Myh9/Arap1/Snx9/Dbn1/Parva/S100a10/Abi2/Diaph2/Iqsec2/Pacsin2/Stmn1/Trip10/Prph/Tmsb4x/Vps4b/Chek1/Twf2/Zw10/Nek7/Ppm1e/Prkcd/Fbxw11/Dctn2/Crk/Twf1/Arpc2/Mtpn/Arpc1b/Aaas/Arpc5/Tubal3"
"GOBP_PURINE_CONTAINING_COMPOUND_BIOSYNTHETIC_PROCESS","GOBP_PURINE_CONTAINING_COMPOUND_BIOSYNTHETIC_PROCESS","GOBP_PURINE_CONTAINING_COMPOUND_BIOSYNTHETIC_PROCESS",52,0.501104133061624,1.72609189843729,0.0018062933811127,0.0257829822345128,0.0224256467359486,531,"tags=44%, list=19%, signal=37%","Acot7/Pdhb/Slc25a1/Dld/Atp5pb/Acsbg1/Ak2/Dlat/Slc25a12/Hsd17b12/Ak3/Mthfd1/Mpc2/Acat1/Pdk2/Pdk3/Acsf3/Acsl6/Acsl3/Nos1/Adk/Acly/Gmps"
"GOBP_DICARBOXYLIC_ACID_METABOLIC_PROCESS","GOBP_DICARBOXYLIC_ACID_METABOLIC_PROCESS","GOBP_DICARBOXYLIC_ACID_METABOLIC_PROCESS",29,0.592152551668216,1.80930454366357,0.0019245594658513,0.0270998778840143,0.0235710625902983,489,"tags=55%, list=17%, signal=46%","Gad1/Got1/Idh2/Sucla2/Got2/Aldh18a1/Slc25a12/Mthfd1l/Mthfd1/Glud1/Sdhb/Dlst/Mdh1/Acsf3/Glul/Acly"
"GOBP_CARBOHYDRATE_DERIVATIVE_BIOSYNTHETIC_PROCESS","GOBP_CARBOHYDRATE_DERIVATIVE_BIOSYNTHETIC_PROCESS","GOBP_CARBOHYDRATE_DERIVATIVE_BIOSYNTHETIC_PROCESS",97,0.430196397693537,1.60096410639839,0.00205113283847952,0.0284970722359422,0.0247863210376263,537,"tags=39%, list=19%, signal=33%","Acot7/Mpdu1/Stt3a/Pdhb/Rpn1/Slc25a1/Dld/Atp5pb/Acsbg1/Ak2/Sccpdh/Cltc/Dlat/Slc25a12/Hsd17b12/Ak3/Ap2a1/Mpc2/Acat1/Tm9sf2/Pdk2/Abca7/Pdk3/Acsf3/Cad/Rpn2/Acsl6/Acsl3/Ostc/Adk/Acly/Dad1/Alg2/Gk/Dtymk/Gmps/Nfkb1/Cmpk1"
"GOBP_NEGATIVE_REGULATION_OF_MITOTIC_CELL_CYCLE","GOBP_NEGATIVE_REGULATION_OF_MITOTIC_CELL_CYCLE","GOBP_NEGATIVE_REGULATION_OF_MITOTIC_CELL_CYCLE",25,-0.525408641412513,-1.83399447927184,0.00234756879330013,0.0315470012656938,0.0274391030303691,686,"tags=48%, list=24%, signal=37%","Dync1li1/Usp47/Brsk1/Vps4a/Map3k20/Zwint/Cdkn1b/Chek1/Zw10/Pten/Brcc3/Fhl1"
"GOBP_NUCLEOSIDE_PHOSPHATE_BIOSYNTHETIC_PROCESS","GOBP_NUCLEOSIDE_PHOSPHATE_BIOSYNTHETIC_PROCESS","GOBP_NUCLEOSIDE_PHOSPHATE_BIOSYNTHETIC_PROCESS",61,0.480525845227655,1.70101183184619,0.00236148377996556,0.0315470012656938,0.0274391030303691,537,"tags=43%, list=19%, signal=35%","Acot7/Pdhb/Slc25a1/Dld/Atp5pb/Acsbg1/Ak2/Dlat/Slc25a12/Hsd17b12/Ak3/Mthfd1/Mpc2/Acat1/Pdk2/Pdk3/Acsf3/Cad/Acsl6/Acsl3/Nos1/Adk/Acly/Dtymk/Gmps/Cmpk1"
"GOBP_PURINE_CONTAINING_COMPOUND_METABOLIC_PROCESS","GOBP_PURINE_CONTAINING_COMPOUND_METABOLIC_PROCESS","GOBP_PURINE_CONTAINING_COMPOUND_METABOLIC_PROCESS",105,0.413188858482034,1.56620133624338,0.00234485002154023,0.0315470012656938,0.0274391030303691,531,"tags=36%, list=19%, signal=31%","Acot7/Acot11/Acsf2/Pdhb/Gapdh/Slc25a1/Dld/Gpd1/Atp5pb/Gnai3/Acsbg1/Ak2/Slc4a1/Sucla2/Dlat/Slc25a12/Hsd17b12/Ak3/Oxsm/Mthfd1/Mpc2/Acat1/Pgk1/Acot9/Dlst/Rhoa/Pdk2/Pdk3/Acsf3/Acsl6/Acsl3/Nos1/Eno2/Adk/Acly/Ran/Ldha/Gmps"
"GOBP_CATION_TRANSPORT","GOBP_CATION_TRANSPORT","GOBP_CATION_TRANSPORT",246,0.355420225399246,1.46993714889518,0.00245462205542411,0.0323761541993915,0.0281602876711547,632,"tags=33%, list=22%, signal=28%","Slc6a4/Slc25a25/Abcb8/Thy1/Mcu/Slc25a18/Ndufa4/Hcn2/Serinc5/Rab3b/Slc20a2/Slc25a3/Slc44a2/Atp5pb/Rab3a/Slc4a8/Flna/Abat/Atp1b3/Glrx/Slc7a2/Cltc/Mrs2/Slc30a9/Maob/Abcb7/Syt12/Cacng2/Uqcrfs1/Ndufa9/Vdac1/Slc6a6/Cntn1/Phb2/Atp1b2/Atp1b1/Ano10/Slc25a15/Kcnma1/Shank1/Kcnj11/Kcnc3/Rhoa/Slc7a5/Afg3l2/Slc32a1/Ywhah/Pmpcb/Zmpste24/Tmem63a/Slc25a22/Slc6a5/Slc30a3/Cox6b1/Kcnj10/Cox4i1/Nos1/Maip1/Letm1/Atp13a1/Ndufs7/Ptk2b/Cox5b/Slc8a1/Slc30a1/Slc6a1/Uqcrh/Cacna1a/Wfs1/Scn8a/Nipsnap2/Slc12a2/Atp1a1/Hspa2/Slc3a2/Ryr2/Atp6v1e1/Capn1/Stac/Cdk5"
"GOBP_NEGATIVE_REGULATION_OF_PROTEIN_POLYMERIZATION","GOBP_NEGATIVE_REGULATION_OF_PROTEIN_POLYMERIZATION","GOBP_NEGATIVE_REGULATION_OF_PROTEIN_POLYMERIZATION",41,-0.430165316302885,-1.65424880491331,0.00266981008382092,0.0347742763417674,0.030246137923287,672,"tags=49%, list=24%, signal=38%","Hip1r/Capzb/Sptan1/Tmod2/Capg/Add2/Carmil2/Fkbp4/Add1/Tmod1/Mapre1/Bbs4/Kank4/Arfgef1/Stmn1/Tmsb4x/Twf2/Prkcd/Twf1/Mtpn"
"GOBP_REGULATION_OF_ACTIN_FILAMENT_BASED_PROCESS","GOBP_REGULATION_OF_ACTIN_FILAMENT_BASED_PROCESS","GOBP_REGULATION_OF_ACTIN_FILAMENT_BASED_PROCESS",132,-0.303100466978279,-1.48959814001228,0.0030154735684795,0.0387916476340203,0.0337403865167102,681,"tags=39%, list=24%, signal=31%","Hck/Hip1r/Capzb/Pdgfrb/Camk2d/Ctnna2/Nck1/Arpin/Sptan1/Fchsd2/Tmod2/Capg/Ank2/Add2/Fermt2/Carmil2/Bin1/Evl/Add1/Arhgap17/Tpm1/Arhgap28/Coro1b/Tmod1/Arfip2/Bbs4/Slc9a1/Vasp/Kank4/Arfgef1/Baiap2l1/Fgf13/Arhgdia/Myh9/Arap1/Snx9/Dbn1/Pde4d/S100a10/Abi2/Jup/Stmn1/Tmsb4x/Twf2/Ppm1e/Prkcd/Crk/Twf1/Arpc2/Mtpn/Arpc1b/Arpc5"
"GOBP_ENSHEATHMENT_OF_NEURONS","GOBP_ENSHEATHMENT_OF_NEURONS","GOBP_ENSHEATHMENT_OF_NEURONS",40,0.511929664690277,1.68443876480925,0.00346724200044652,0.0440247787900303,0.0382920845926014,566,"tags=45%, list=20%, signal=37%","Mpz/Serinc5/Cd9/Acsbg1/Slc25a12/Mal2/Cntn1/Cldn11/Ptprz1/Afg3l2/Kcnj10/Wasf3/Nfasc/Tspan2/Sirt2/Gjc3/Scn8a/Ndrg1"
"GOBP_REGULATION_OF_BINDING","GOBP_REGULATION_OF_BINDING","GOBP_REGULATION_OF_BINDING",78,-0.354465938674901,-1.63407359332114,0.00350677220688341,0.0440247787900303,0.0382920845926014,909,"tags=51%, list=32%, signal=36%","Nme1/Arhgef7/Bag2/Hopx/Flot1/Dtx3l/Rap1gap/Ubash3b/Ddrgk1/Hipk2/Crmp1/Hip1r/Epb41/Pex19/Cpne1/Add2/Eif3c/Prmt8/Add1/Stub1/Anxa2/Gsk3b/Park7/Arhgap28/Dnajb2/Mapk3/Calm1/Niban2/Mapre1/Ppp3ca/Snapin/S100a10/Ctnnbip1/Stmn1/Tmsb4x/Prkcd/Casp1/Crk/Ppp1ca/Csnk2b"
"GOBP_LIPID_MODIFICATION","GOBP_LIPID_MODIFICATION","GOBP_LIPID_MODIFICATION",56,0.473921378565311,1.64766007829962,0.00403712295417289,0.0492531198478196,0.0428396163137415,490,"tags=38%, list=17%, signal=32%","Agk/Adh5/Hadhb/Plpp3/Hadha/Hadh/Eci1/Etfdh/Decr1/Plppr4/Acadl/Sacm1l/Acat1/Eci2/Etfa/Auh/Echs1/Acadvl/Acadm/Acaa2/Lamtor1"
"GOBP_POSITIVE_REGULATION_OF_PROTEIN_CONTAINING_COMPLEX_ASSEMBLY","GOBP_POSITIVE_REGULATION_OF_PROTEIN_CONTAINING_COMPLEX_ASSEMBLY","GOBP_POSITIVE_REGULATION_OF_PROTEIN_CONTAINING_COMPLEX_ASSEMBLY",69,-0.359532095901959,-1.58112602762622,0.00400019360360392,0.0492531198478196,0.0428396163137415,854,"tags=52%, list=30%, signal=37%","Pak1/Asap1/Tppp/Clip1/Vcp/Arf6/Arl3/Mapt/Hck/Hip1r/Nck1/Fchsd2/Tppp3/Capg/Dab2ip/Lcp1/Fermt2/Carmil2/Sh3glb1/Bin1/Evl/Slain2/Stub1/Ppp2r5b/Gsk3b/Park7/Cdkn1b/Myd88/Mapre1/Vasp/Arl2/Baiap2l1/Snx9/Nek7/Ddx3x/Arpc2"
"GOBP_POSITIVE_REGULATION_OF_TRANSCRIPTION_BY_RNA_POLYMERASE_II","GOBP_POSITIVE_REGULATION_OF_TRANSCRIPTION_BY_RNA_POLYMERASE_II","GOBP_POSITIVE_REGULATION_OF_TRANSCRIPTION_BY_RNA_POLYMERASE_II",97,-0.334248979134408,-1.56526180573593,0.00410014477688415,0.0492531198478196,0.0428396163137415,398,"tags=26%, list=14%, signal=23%","Ppp2r5b/Park7/Mapk3/Rps6ka3/Mavs/Psmc3/Ap3d1/Armcx3/Slc9a1/Pcbp2/Ppp3ca/Ikbkg/Pcbp1/Jup/Irf3/Nme2/Stat3/Kpna6/Eif5a/Rps6ka1/Ddx3x/Bmpr2/Cops5/Crtc3/Mt3"
"GOBP_REGULATION_OF_ACTIN_FILAMENT_ORGANIZATION","GOBP_REGULATION_OF_ACTIN_FILAMENT_ORGANIZATION","GOBP_REGULATION_OF_ACTIN_FILAMENT_ORGANIZATION",107,-0.312724021054734,-1.48719813754331,0.00415957250154331,0.0492531198478196,0.0428396163137415,681,"tags=39%, list=24%, signal=31%","Hck/Hip1r/Capzb/Ctnna2/Nck1/Arpin/Sptan1/Fchsd2/Tmod2/Capg/Add2/Fermt2/Carmil2/Bin1/Evl/Add1/Tpm1/Arhgap28/Coro1b/Tmod1/Arfip2/Bbs4/Slc9a1/Vasp/Kank4/Arfgef1/Baiap2l1/Arap1/Snx9/Dbn1/S100a10/Abi2/Stmn1/Tmsb4x/Twf2/Ppm1e/Prkcd/Twf1/Arpc2/Mtpn/Arpc1b/Arpc5"
"GOBP_POSITIVE_REGULATION_OF_RNA_METABOLIC_PROCESS","GOBP_POSITIVE_REGULATION_OF_RNA_METABOLIC_PROCESS","GOBP_POSITIVE_REGULATION_OF_RNA_METABOLIC_PROCESS",182,-0.267498059913885,-1.34571031855757,0.00414457491019233,0.0492531198478196,0.0428396163137415,475,"tags=23%, list=17%, signal=21%","Sqstm1/Cbfb/Shc1/Nif3l1/Pabpc1/Ankrd49/Ppp2r5b/Park7/Mapk3/Rps6ka3/Mavs/Psmc3/Ap3d1/Niban2/Armcx3/Ube2v1/Slc9a1/Pcbp2/Ppp3ca/Pdlim1/Paip1/Lbh/Ikbkg/Prkaa1/Pcbp1/Jup/Irf3/Map2k7/Nme2/Stat3/Rida/Rc3h1/Kpna6/Fbxw11/Eif5a/Rps6ka1/Ddx3x/Bmpr2/Cops5/Crtc3/Camk4/Mt3"
"GOBP_NEGATIVE_REGULATION_OF_CELL_CYCLE","GOBP_NEGATIVE_REGULATION_OF_CELL_CYCLE","GOBP_NEGATIVE_REGULATION_OF_CELL_CYCLE",38,-0.458513601497485,-1.72791981239061,0.00424471350039392,0.0496965333416906,0.0432252906426868,686,"tags=45%, list=24%, signal=34%","Dync1li1/Usp47/Brsk1/Dab2ip/Ptpn11/Vps4a/Map3k20/Zwint/Ppp2r5b/Cdkn1b/Chmp2a/Ipo7/Chek1/Zw10/Pten/Brcc3/Fhl1"
